2025-04-08 18:10:03 [INFO] \U0001f680 Testing strategy v2.1 on SPY from 2024-01-01 to 2025-01-01...
2025-04-08 18:10:08 [INFO] SUMMARY - Total Trades: 0, Total Profit: $0, Win Rate: 0%
2025-04-08 18:28:12 [INFO] \U0001f680 Testing strategy v2.1 on SPY from 2024-01-01 to 2025-01-01...
2025-04-08 19:04:04 [INFO] \U0001f680 Running AutoTrade EX v2.1 for SPY from 2024-01-01 to 2025-01-01...
2025-04-08 19:08:11 [INFO] \U0001f680 Running AutoTrade EX v2.1 for SPY from 2024-01-01 to 2025-01-01...
2025-04-08 19:08:11 [INFO] 2024-03-14 | High Slope: 0.8916, Low Slope: 0.8872
2025-04-08 19:08:11 [INFO] 2024-03-15 | High Slope: 0.8630, Low Slope: 0.8371
2025-04-08 19:08:11 [INFO] 2024-03-18 | High Slope: 0.7987, Low Slope: 0.7673
2025-04-08 19:08:11 [INFO] 2024-03-19 | High Slope: 0.7942, Low Slope: 0.7510
2025-04-08 19:08:11 [INFO] 2024-03-20 | High Slope: 0.7726, Low Slope: 0.7218
2025-04-08 19:08:11 [INFO] 2024-03-21 | High Slope: 0.7697, Low Slope: 0.7203
2025-04-08 19:08:11 [INFO] 2024-03-22 | High Slope: 0.8055, Low Slope: 0.7740
2025-04-08 19:08:11 [INFO] 2024-03-25 | High Slope: 0.8210, Low Slope: 0.8222
2025-04-08 19:08:11 [INFO] 2024-03-26 | High Slope: 0.8347, Low Slope: 0.8591
2025-04-08 19:08:11 [INFO] 2024-03-27 | High Slope: 0.8558, Low Slope: 0.8902
2025-04-08 19:08:11 [INFO] 2024-03-28 | High Slope: 0.8352, Low Slope: 0.8549
2025-04-08 19:08:11 [INFO] 2024-04-01 | High Slope: 0.8247, Low Slope: 0.8523
2025-04-08 19:08:11 [INFO] 2024-04-02 | High Slope: 0.8222, Low Slope: 0.8548
2025-04-08 19:08:11 [INFO] 2024-04-03 | High Slope: 0.7793, Low Slope: 0.8180
2025-04-08 19:08:11 [INFO] 2024-04-04 | High Slope: 0.7110, Low Slope: 0.7511
2025-04-08 19:08:11 [INFO] 2024-04-05 | High Slope: 0.6437, Low Slope: 0.6361
2025-04-08 19:08:11 [INFO] 2024-04-08 | High Slope: 0.6176, Low Slope: 0.5841
2025-04-08 19:08:11 [INFO] 2024-04-09 | High Slope: 0.5951, Low Slope: 0.5790
2025-04-08 19:08:11 [INFO] 2024-04-10 | High Slope: 0.5618, Low Slope: 0.5375
2025-04-08 19:08:11 [INFO] 2024-04-11 | High Slope: 0.4824, Low Slope: 0.4696
2025-04-08 19:08:11 [INFO] 2024-04-12 | High Slope: 0.4175, Low Slope: 0.3992
2025-04-08 19:08:11 [INFO] 2024-04-15 | High Slope: 0.3426, Low Slope: 0.3086
2025-04-08 19:08:11 [INFO] 2024-04-16 | High Slope: 0.2852, Low Slope: 0.2023
2025-04-08 19:08:11 [INFO] 2024-04-17 | High Slope: 0.1763, Low Slope: 0.1122
2025-04-08 19:08:11 [INFO] 2024-04-18 | High Slope: 0.0445, Low Slope: -0.0421
2025-04-08 19:08:11 [INFO] 2024-04-19 | High Slope: -0.0901, Low Slope: -0.1744
2025-04-08 19:08:11 [INFO] 2024-04-22 | High Slope: -0.2192, Low Slope: -0.3234
2025-04-08 19:08:11 [INFO] 2024-04-23 | High Slope: -0.3143, Low Slope: -0.4472
2025-04-08 19:08:11 [INFO] 2024-04-24 | High Slope: -0.4225, Low Slope: -0.5566
2025-04-08 19:08:11 [INFO] 2024-04-25 | High Slope: -0.4834, Low Slope: -0.6237
2025-04-08 19:08:11 [INFO] 2024-04-26 | High Slope: -0.5609, Low Slope: -0.6994
2025-04-08 19:08:11 [INFO] 2024-04-29 | High Slope: -0.5988, Low Slope: -0.7342
2025-04-08 19:08:11 [INFO] 2024-04-30 | High Slope: -0.6547, Low Slope: -0.7715
2025-04-08 19:08:11 [INFO] 2024-05-01 | High Slope: -0.6920, Low Slope: -0.8126
2025-04-08 19:08:11 [INFO] 2024-05-02 | High Slope: -0.7319, Low Slope: -0.8715
2025-04-08 19:08:11 [INFO] 2024-05-03 | High Slope: -0.7516, Low Slope: -0.9006
2025-04-08 19:08:11 [INFO] 2024-05-06 | High Slope: -0.6986, Low Slope: -0.8189
2025-04-08 19:08:11 [INFO] 2024-05-07 | High Slope: -0.6249, Low Slope: -0.7076
2025-04-08 19:08:11 [INFO] 2024-05-08 | High Slope: -0.5473, Low Slope: -0.5820
2025-04-08 19:08:11 [INFO] 2024-05-09 | High Slope: -0.4698, Low Slope: -0.4717
2025-04-08 19:08:11 [INFO] 2024-05-10 | High Slope: -0.3637, Low Slope: -0.3425
2025-04-08 19:08:11 [INFO] 2024-05-13 | High Slope: -0.2312, Low Slope: -0.1714
2025-04-08 19:08:11 [INFO] 2024-05-14 | High Slope: -0.0993, Low Slope: -0.0102
2025-04-08 19:08:11 [INFO] 2024-05-15 | High Slope: 0.0040, Low Slope: 0.1262
2025-04-08 19:08:11 [INFO] 2024-05-16 | High Slope: 0.1584, Low Slope: 0.2983
2025-04-08 19:08:11 [INFO] 2024-05-17 | High Slope: 0.3379, Low Slope: 0.4551
2025-04-08 19:08:11 [INFO] 2024-05-20 | High Slope: 0.4778, Low Slope: 0.6057
2025-04-08 19:08:11 [INFO] 2024-05-21 | High Slope: 0.6251, Low Slope: 0.7886
2025-04-08 19:08:11 [INFO] 2024-05-22 | High Slope: 0.7709, Low Slope: 0.9419
2025-04-08 19:08:11 [INFO] 2024-05-23 | High Slope: 0.8799, Low Slope: 1.0639
2025-04-08 19:08:11 [INFO] 2024-05-24 | High Slope: 1.0155, Low Slope: 1.1607
2025-04-08 19:08:11 [INFO] 2024-05-28 | High Slope: 1.1025, Low Slope: 1.2453
2025-04-08 19:08:11 [INFO] 2024-05-29 | High Slope: 1.1810, Low Slope: 1.2861
2025-04-08 19:08:11 [INFO] 2024-05-30 | High Slope: 1.1726, Low Slope: 1.2961
2025-04-08 19:08:11 [INFO] 2024-05-31 | High Slope: 1.1397, Low Slope: 1.2491
2025-04-08 19:08:11 [INFO] 2024-06-03 | High Slope: 1.0988, Low Slope: 1.1697
2025-04-08 19:08:11 [INFO] 2024-06-04 | High Slope: 1.0342, Low Slope: 1.0766
2025-04-08 19:08:11 [INFO] 2024-06-05 | High Slope: 0.9690, Low Slope: 0.9966
2025-04-08 19:08:11 [INFO] 2024-06-06 | High Slope: 0.9526, Low Slope: 0.9555
2025-04-08 19:08:11 [INFO] 2024-06-07 | High Slope: 0.9371, Low Slope: 0.9513
2025-04-08 19:08:11 [INFO] 2024-06-10 | High Slope: 0.8974, Low Slope: 0.8948
2025-04-08 19:08:11 [INFO] 2024-06-11 | High Slope: 0.8759, Low Slope: 0.8790
2025-04-08 19:08:11 [INFO] 2024-06-12 | High Slope: 0.8553, Low Slope: 0.8587
2025-04-08 19:08:11 [INFO] 2024-06-13 | High Slope: 0.8604, Low Slope: 0.8441
2025-04-08 19:08:11 [INFO] 2024-06-14 | High Slope: 0.8359, Low Slope: 0.7938
2025-04-08 19:08:11 [INFO] 2024-06-17 | High Slope: 0.7770, Low Slope: 0.7255
2025-04-08 19:08:11 [INFO] 2024-06-18 | High Slope: 0.7837, Low Slope: 0.7121
2025-04-08 19:08:11 [INFO] 2024-06-20 | High Slope: 0.8028, Low Slope: 0.7490
2025-04-08 19:08:11 [INFO] 2024-06-21 | High Slope: 0.8308, Low Slope: 0.7829
2025-04-08 19:08:11 [INFO] 2024-06-24 | High Slope: 0.8219, Low Slope: 0.7926
2025-04-08 19:08:11 [INFO] 2024-06-25 | High Slope: 0.8252, Low Slope: 0.7974
2025-04-08 19:08:11 [INFO] 2024-06-26 | High Slope: 0.8213, Low Slope: 0.8085
2025-04-08 19:08:11 [INFO] 2024-06-27 | High Slope: 0.8136, Low Slope: 0.8136
2025-04-08 19:08:11 [INFO] 2024-06-28 | High Slope: 0.8072, Low Slope: 0.8234
2025-04-08 19:08:11 [INFO] 2024-07-01 | High Slope: 0.8537, Low Slope: 0.8427
2025-04-08 19:08:11 [INFO] 2024-07-02 | High Slope: 0.8722, Low Slope: 0.8736
2025-04-08 19:08:11 [INFO] 2024-07-03 | High Slope: 0.8900, Low Slope: 0.8964
2025-04-08 19:08:11 [INFO] 2024-07-05 | High Slope: 0.9304, Low Slope: 0.9559
2025-04-08 19:08:11 [INFO] 2024-07-08 | High Slope: 0.9814, Low Slope: 1.0212
2025-04-08 19:08:11 [INFO] 2024-07-09 | High Slope: 1.0280, Low Slope: 1.0855
2025-04-08 19:08:11 [INFO] 2024-07-10 | High Slope: 1.0804, Low Slope: 1.1263
2025-04-08 19:08:11 [INFO] 2024-07-11 | High Slope: 1.1309, Low Slope: 1.1755
2025-04-08 19:08:11 [INFO] 2024-07-12 | High Slope: 1.1728, Low Slope: 1.2063
2025-04-08 19:08:11 [INFO] 2024-07-15 | High Slope: 1.1866, Low Slope: 1.2204
2025-04-08 19:08:11 [INFO] 2024-07-16 | High Slope: 1.1768, Low Slope: 1.2079
2025-04-08 19:08:11 [INFO] 2024-07-17 | High Slope: 1.1665, Low Slope: 1.1735
2025-04-08 19:08:11 [INFO] 2024-07-18 | High Slope: 1.1214, Low Slope: 1.1128
2025-04-08 19:08:11 [INFO] 2024-07-19 | High Slope: 1.0544, Low Slope: 1.0129
2025-04-08 19:08:11 [INFO] 2024-07-22 | High Slope: 0.9762, Low Slope: 0.9107
2025-04-08 19:08:11 [INFO] 2024-07-23 | High Slope: 0.9013, Low Slope: 0.8460
2025-04-08 19:08:11 [INFO] 2024-07-24 | High Slope: 0.8363, Low Slope: 0.7859
2025-04-08 19:08:11 [INFO] 2024-07-25 | High Slope: 0.7073, Low Slope: 0.6332
2025-04-08 19:08:11 [INFO] 2024-07-26 | High Slope: 0.5677, Low Slope: 0.4546
2025-04-08 19:08:11 [INFO] 2024-07-29 | High Slope: 0.4695, Low Slope: 0.3549
2025-04-08 19:08:11 [INFO] 2024-07-30 | High Slope: 0.3629, Low Slope: 0.2569
2025-04-08 19:08:11 [INFO] 2024-07-31 | High Slope: 0.2521, Low Slope: 0.1317
2025-04-08 19:08:11 [INFO] 2024-08-01 | High Slope: 0.2169, Low Slope: 0.0762
2025-04-08 19:08:11 [INFO] 2024-08-02 | High Slope: 0.1881, Low Slope: 0.0000
2025-04-08 19:08:11 [INFO] 2024-08-05 | High Slope: 0.0518, Low Slope: -0.1534
2025-04-08 19:08:11 [INFO] 2024-08-06 | High Slope: -0.1838, Low Slope: -0.4203
2025-04-08 19:08:11 [INFO] 2024-08-07 | High Slope: -0.3612, Low Slope: -0.6268
2025-04-08 19:08:11 [INFO] 2024-08-08 | High Slope: -0.5313, Low Slope: -0.8226
2025-04-08 19:08:11 [INFO] 2024-08-09 | High Slope: -0.6902, Low Slope: -0.9793
2025-04-08 19:08:11 [INFO] 2024-08-12 | High Slope: -0.8171, Low Slope: -1.0729
2025-04-08 19:08:11 [INFO] 2024-08-13 | High Slope: -0.9079, Low Slope: -1.1556
2025-04-08 19:08:11 [INFO] 2024-08-14 | High Slope: -0.9806, Low Slope: -1.2018
2025-04-08 19:08:11 [INFO] 2024-08-15 | High Slope: -1.0131, Low Slope: -1.2130
2025-04-08 19:08:11 [INFO] 2024-08-16 | High Slope: -0.9709, Low Slope: -1.1325
2025-04-08 19:08:11 [INFO] 2024-08-19 | High Slope: -0.8968, Low Slope: -1.0201
2025-04-08 19:08:11 [INFO] 2024-08-20 | High Slope: -0.7851, Low Slope: -0.8701
2025-04-08 19:08:11 [INFO] 2024-08-21 | High Slope: -0.6607, Low Slope: -0.6887
2025-04-08 19:08:11 [INFO] 2024-08-22 | High Slope: -0.4991, Low Slope: -0.5161
2025-04-08 19:08:11 [INFO] 2024-08-23 | High Slope: -0.3264, Low Slope: -0.3475
2025-04-08 19:08:11 [INFO] 2024-08-26 | High Slope: -0.1455, Low Slope: -0.1548
2025-04-08 19:08:11 [INFO] 2024-08-27 | High Slope: 0.0490, Low Slope: 0.0661
2025-04-08 19:08:11 [INFO] 2024-08-28 | High Slope: 0.2342, Low Slope: 0.2995
2025-04-08 19:08:11 [INFO] 2024-08-29 | High Slope: 0.3864, Low Slope: 0.4760
2025-04-08 19:08:11 [INFO] 2024-08-30 | High Slope: 0.5443, Low Slope: 0.6247
2025-04-08 19:08:12 [INFO] 2024-09-03 | High Slope: 0.6665, Low Slope: 0.7530
2025-04-08 19:08:12 [INFO] 2024-09-04 | High Slope: 0.7707, Low Slope: 0.8497
2025-04-08 19:08:12 [INFO] 2024-09-05 | High Slope: 0.8417, Low Slope: 0.9621
2025-04-08 19:08:12 [INFO] 2024-09-06 | High Slope: 0.8581, Low Slope: 0.9724
2025-04-08 19:08:12 [INFO] 2024-09-09 | High Slope: 0.8466, Low Slope: 0.9114
2025-04-08 19:08:12 [INFO] 2024-09-10 | High Slope: 0.8066, Low Slope: 0.8978
2025-04-08 19:08:12 [INFO] 2024-09-11 | High Slope: 0.7746, Low Slope: 0.8965
2025-04-08 19:08:12 [INFO] 2024-09-12 | High Slope: 0.7834, Low Slope: 0.8444
2025-04-08 19:08:12 [INFO] 2024-09-13 | High Slope: 0.8565, Low Slope: 0.9352
2025-04-08 19:08:12 [INFO] 2024-09-16 | High Slope: 0.9596, Low Slope: 1.0110
2025-04-08 19:08:12 [INFO] 2024-09-17 | High Slope: 0.9375, Low Slope: 1.0068
2025-04-08 19:08:12 [INFO] 2024-09-18 | High Slope: 0.8344, Low Slope: 0.8693
2025-04-08 19:08:12 [INFO] 2024-09-19 | High Slope: 0.7680, Low Slope: 0.7617
2025-04-08 19:08:12 [INFO] 2024-09-20 | High Slope: 0.7237, Low Slope: 0.6827
2025-04-08 19:08:12 [INFO] 2024-09-23 | High Slope: 0.6476, Low Slope: 0.6001
2025-04-08 19:08:12 [INFO] 2024-09-24 | High Slope: 0.5825, Low Slope: 0.5623
2025-04-08 19:08:12 [INFO] 2024-09-25 | High Slope: 0.5158, Low Slope: 0.5194
2025-04-08 19:08:12 [INFO] 2024-09-26 | High Slope: 0.4807, Low Slope: 0.5044
2025-04-08 19:08:12 [INFO] 2024-09-27 | High Slope: 0.4682, Low Slope: 0.5068
2025-04-08 19:08:12 [INFO] 2024-09-30 | High Slope: 0.4960, Low Slope: 0.5585
2025-04-08 19:08:12 [INFO] 2024-10-01 | High Slope: 0.5263, Low Slope: 0.6012
2025-04-08 19:08:12 [INFO] 2024-10-02 | High Slope: 0.5765, Low Slope: 0.6402
2025-04-08 19:08:12 [INFO] 2024-10-03 | High Slope: 0.6013, Low Slope: 0.6921
2025-04-08 19:08:12 [INFO] 2024-10-04 | High Slope: 0.6294, Low Slope: 0.7233
2025-04-08 19:08:12 [INFO] 2024-10-07 | High Slope: 0.6835, Low Slope: 0.7675
2025-04-08 19:08:12 [INFO] 2024-10-08 | High Slope: 0.7227, Low Slope: 0.8115
2025-04-08 19:08:12 [INFO] 2024-10-09 | High Slope: 0.7746, Low Slope: 0.8812
2025-04-08 19:08:12 [INFO] 2024-10-10 | High Slope: 0.8338, Low Slope: 0.9599
2025-04-08 19:08:12 [INFO] 2024-10-11 | High Slope: 0.8817, Low Slope: 1.0216
2025-04-08 19:08:12 [INFO] 2024-10-14 | High Slope: 0.9533, Low Slope: 1.0977
2025-04-08 19:08:12 [INFO] 2024-10-15 | High Slope: 1.0521, Low Slope: 1.1953
2025-04-08 19:08:12 [INFO] 2024-10-16 | High Slope: 1.1152, Low Slope: 1.2156
2025-04-08 19:08:12 [INFO] 2024-10-17 | High Slope: 1.1100, Low Slope: 1.2247
2025-04-08 19:08:12 [INFO] 2024-10-18 | High Slope: 1.1083, Low Slope: 1.2244
2025-04-08 19:08:12 [INFO] 2024-10-21 | High Slope: 1.0719, Low Slope: 1.1582
2025-04-08 19:08:12 [INFO] 2024-10-22 | High Slope: 0.9898, Low Slope: 1.0816
2025-04-08 19:08:12 [INFO] 2024-10-23 | High Slope: 0.8981, Low Slope: 0.9909
2025-04-08 19:08:12 [INFO] 2024-10-24 | High Slope: 0.8145, Low Slope: 0.8216
2025-04-08 19:08:12 [INFO] 2024-10-25 | High Slope: 0.7356, Low Slope: 0.7374
2025-04-08 19:08:12 [INFO] 2024-10-28 | High Slope: 0.6998, Low Slope: 0.6974
2025-04-08 19:08:12 [INFO] 2024-10-29 | High Slope: 0.6431, Low Slope: 0.6671
2025-04-08 19:08:12 [INFO] 2024-10-30 | High Slope: 0.6019, Low Slope: 0.6197
2025-04-08 19:08:12 [INFO] 2024-10-31 | High Slope: 0.5698, Low Slope: 0.5695
2025-04-08 19:08:12 [INFO] 2024-11-01 | High Slope: 0.5098, Low Slope: 0.4903
2025-04-08 19:08:12 [INFO] 2024-11-04 | High Slope: 0.4349, Low Slope: 0.4162
2025-04-08 19:08:12 [INFO] 2024-11-05 | High Slope: 0.3446, Low Slope: 0.3422
2025-04-08 19:08:12 [INFO] 2024-11-06 | High Slope: 0.2876, Low Slope: 0.2817
2025-04-08 19:08:12 [INFO] 2024-11-07 | High Slope: 0.3292, Low Slope: 0.3243
2025-04-08 19:08:12 [INFO] 2024-11-08 | High Slope: 0.4116, Low Slope: 0.4151
2025-04-08 19:08:12 [INFO] 2024-11-11 | High Slope: 0.5000, Low Slope: 0.5196
2025-04-08 19:08:12 [INFO] 2024-11-12 | High Slope: 0.5817, Low Slope: 0.6020
2025-04-08 19:08:12 [INFO] 2024-11-13 | High Slope: 0.6442, Low Slope: 0.6405
2025-04-08 19:08:12 [INFO] 2024-11-14 | High Slope: 0.6666, Low Slope: 0.6653
2025-04-08 19:08:12 [INFO] 2024-11-15 | High Slope: 0.6663, Low Slope: 0.6636
2025-04-08 19:08:12 [INFO] 2024-11-18 | High Slope: 0.6292, Low Slope: 0.6114
2025-04-08 19:08:12 [INFO] 2024-11-19 | High Slope: 0.5705, Low Slope: 0.5517
2025-04-08 19:08:12 [INFO] 2024-11-20 | High Slope: 0.5265, Low Slope: 0.4952
2025-04-08 19:08:12 [INFO] 2024-11-21 | High Slope: 0.5002, Low Slope: 0.4569
2025-04-08 19:08:12 [INFO] 2024-11-22 | High Slope: 0.4949, Low Slope: 0.4445
2025-04-08 19:08:12 [INFO] 2024-11-25 | High Slope: 0.5074, Low Slope: 0.4727
2025-04-08 19:08:12 [INFO] 2024-11-26 | High Slope: 0.5769, Low Slope: 0.5395
2025-04-08 19:08:12 [INFO] 2024-11-27 | High Slope: 0.6399, Low Slope: 0.6032
2025-04-08 19:08:12 [INFO] 2024-11-29 | High Slope: 0.6785, Low Slope: 0.6562
2025-04-08 19:08:12 [INFO] 2024-12-02 | High Slope: 0.7477, Low Slope: 0.7364
2025-04-08 19:08:12 [INFO] 2024-12-03 | High Slope: 0.8104, Low Slope: 0.8317
2025-04-08 19:08:12 [INFO] 2024-12-04 | High Slope: 0.8601, Low Slope: 0.9038
2025-04-08 19:08:12 [INFO] 2024-12-05 | High Slope: 0.9228, Low Slope: 0.9815
2025-04-08 19:08:12 [INFO] 2024-12-06 | High Slope: 0.9598, Low Slope: 1.0161
2025-04-08 19:08:12 [INFO] 2024-12-09 | High Slope: 0.9774, Low Slope: 1.0560
2025-04-08 19:08:12 [INFO] 2024-12-10 | High Slope: 1.0046, Low Slope: 1.0740
2025-04-08 19:08:12 [INFO] 2024-12-11 | High Slope: 0.9962, Low Slope: 1.0847
2025-04-08 19:08:12 [INFO] 2024-12-12 | High Slope: 0.9958, Low Slope: 1.0931
2025-04-08 19:08:12 [INFO] 2024-12-13 | High Slope: 0.9789, Low Slope: 1.0879
2025-04-08 19:08:12 [INFO] 2024-12-16 | High Slope: 0.8984, Low Slope: 0.9875
2025-04-08 19:08:12 [INFO] 2024-12-17 | High Slope: 0.8077, Low Slope: 0.9023
2025-04-08 19:08:12 [INFO] 2024-12-18 | High Slope: 0.6651, Low Slope: 0.7683
2025-04-08 19:08:12 [INFO] 2024-12-19 | High Slope: 0.5451, Low Slope: 0.5277
2025-04-08 19:08:12 [INFO] 2024-12-20 | High Slope: 0.4301, Low Slope: 0.3821
2025-04-08 19:08:12 [INFO] SUMMARY - Total Trades: 0, Total Profit: $0, Win Rate: 0%
2025-04-08 19:22:43 [INFO] \U0001f680 Testing strategy v2.1 on SPY from 2024-01-01 to 2025-01-01...
2025-04-08 19:22:43 [INFO] 2024-03-14 | High Slope: 0.8916, Low Slope: 0.8872
2025-04-08 19:22:43 [INFO] 2024-03-15 | High Slope: 0.8630, Low Slope: 0.8371
2025-04-08 19:22:43 [INFO] 2024-03-18 | High Slope: 0.7987, Low Slope: 0.7673
2025-04-08 19:22:43 [INFO] 2024-03-19 | High Slope: 0.7942, Low Slope: 0.7510
2025-04-08 19:22:43 [INFO] 2024-03-20 | High Slope: 0.7726, Low Slope: 0.7218
2025-04-08 19:22:43 [INFO] 2024-03-21 | High Slope: 0.7697, Low Slope: 0.7203
2025-04-08 19:22:43 [INFO] 2024-03-22 | High Slope: 0.8055, Low Slope: 0.7740
2025-04-08 19:22:43 [INFO] 2024-03-25 | High Slope: 0.8210, Low Slope: 0.8222
2025-04-08 19:22:43 [INFO] 2024-03-26 | High Slope: 0.8347, Low Slope: 0.8591
2025-04-08 19:22:43 [INFO] 2024-03-27 | High Slope: 0.8558, Low Slope: 0.8902
2025-04-08 19:22:43 [INFO] 2024-03-28 | High Slope: 0.8352, Low Slope: 0.8549
2025-04-08 19:22:43 [INFO] 2024-04-01 | High Slope: 0.8247, Low Slope: 0.8523
2025-04-08 19:22:43 [INFO] 2024-04-02 | High Slope: 0.8222, Low Slope: 0.8548
2025-04-08 19:22:43 [INFO] 2024-04-03 | High Slope: 0.7793, Low Slope: 0.8180
2025-04-08 19:22:43 [INFO] 2024-04-04 | High Slope: 0.7110, Low Slope: 0.7511
2025-04-08 19:22:43 [INFO] 2024-04-05 | High Slope: 0.6437, Low Slope: 0.6361
2025-04-08 19:22:43 [INFO] 2024-04-08 | High Slope: 0.6176, Low Slope: 0.5841
2025-04-08 19:22:43 [INFO] 2024-04-09 | High Slope: 0.5951, Low Slope: 0.5790
2025-04-08 19:22:43 [INFO] 2024-04-10 | High Slope: 0.5618, Low Slope: 0.5375
2025-04-08 19:22:43 [INFO] 2024-04-11 | High Slope: 0.4824, Low Slope: 0.4696
2025-04-08 19:22:43 [INFO] 2024-04-12 | High Slope: 0.4175, Low Slope: 0.3992
2025-04-08 19:22:43 [INFO] 2024-04-15 | High Slope: 0.3426, Low Slope: 0.3086
2025-04-08 19:22:43 [INFO] 2024-04-16 | High Slope: 0.2852, Low Slope: 0.2023
2025-04-08 19:22:43 [INFO] 2024-04-17 | High Slope: 0.1763, Low Slope: 0.1122
2025-04-08 19:22:43 [INFO] 2024-04-18 | High Slope: 0.0445, Low Slope: -0.0421
2025-04-08 19:22:43 [INFO] 2024-04-19 | High Slope: -0.0901, Low Slope: -0.1744
2025-04-08 19:22:43 [INFO] 2024-04-22 | High Slope: -0.2192, Low Slope: -0.3234
2025-04-08 19:22:43 [INFO] 2024-04-23 | High Slope: -0.3143, Low Slope: -0.4472
2025-04-08 19:22:43 [INFO] 2024-04-24 | High Slope: -0.4225, Low Slope: -0.5566
2025-04-08 19:22:43 [INFO] 2024-04-25 | High Slope: -0.4834, Low Slope: -0.6237
2025-04-08 19:22:43 [INFO] 2024-04-26 | High Slope: -0.5609, Low Slope: -0.6994
2025-04-08 19:22:43 [INFO] 2024-04-29 | High Slope: -0.5988, Low Slope: -0.7342
2025-04-08 19:22:43 [INFO] 2024-04-30 | High Slope: -0.6547, Low Slope: -0.7715
2025-04-08 19:22:43 [INFO] 2024-05-01 | High Slope: -0.6920, Low Slope: -0.8126
2025-04-08 19:22:43 [INFO] 2024-05-02 | High Slope: -0.7319, Low Slope: -0.8715
2025-04-08 19:22:43 [INFO] 2024-05-03 | High Slope: -0.7516, Low Slope: -0.9006
2025-04-08 19:22:43 [INFO] 2024-05-06 | High Slope: -0.6986, Low Slope: -0.8189
2025-04-08 19:22:43 [INFO] 2024-05-07 | High Slope: -0.6249, Low Slope: -0.7076
2025-04-08 19:22:43 [INFO] 2024-05-08 | High Slope: -0.5473, Low Slope: -0.5820
2025-04-08 19:22:43 [INFO] 2024-05-09 | High Slope: -0.4698, Low Slope: -0.4717
2025-04-08 19:22:43 [INFO] 2024-05-10 | High Slope: -0.3637, Low Slope: -0.3425
2025-04-08 19:22:43 [INFO] 2024-05-13 | High Slope: -0.2312, Low Slope: -0.1714
2025-04-08 19:22:43 [INFO] 2024-05-14 | High Slope: -0.0993, Low Slope: -0.0102
2025-04-08 19:22:43 [INFO] 2024-05-15 | High Slope: 0.0040, Low Slope: 0.1262
2025-04-08 19:22:43 [INFO] 2024-05-16 | High Slope: 0.1584, Low Slope: 0.2983
2025-04-08 19:22:43 [INFO] 2024-05-17 | High Slope: 0.3379, Low Slope: 0.4551
2025-04-08 19:22:43 [INFO] 2024-05-20 | High Slope: 0.4778, Low Slope: 0.6057
2025-04-08 19:22:43 [INFO] 2024-05-21 | High Slope: 0.6251, Low Slope: 0.7886
2025-04-08 19:22:43 [INFO] 2024-05-22 | High Slope: 0.7709, Low Slope: 0.9419
2025-04-08 19:22:43 [INFO] 2024-05-23 | High Slope: 0.8799, Low Slope: 1.0639
2025-04-08 19:22:43 [INFO] 2024-05-24 | High Slope: 1.0155, Low Slope: 1.1607
2025-04-08 19:22:43 [INFO] 2024-05-28 | High Slope: 1.1025, Low Slope: 1.2453
2025-04-08 19:22:43 [INFO] 2024-05-29 | High Slope: 1.1810, Low Slope: 1.2861
2025-04-08 19:22:43 [INFO] 2024-05-30 | High Slope: 1.1726, Low Slope: 1.2961
2025-04-08 19:22:43 [INFO] 2024-05-31 | High Slope: 1.1397, Low Slope: 1.2491
2025-04-08 19:22:43 [INFO] 2024-06-03 | High Slope: 1.0988, Low Slope: 1.1697
2025-04-08 19:22:43 [INFO] 2024-06-04 | High Slope: 1.0342, Low Slope: 1.0766
2025-04-08 19:22:43 [INFO] 2024-06-05 | High Slope: 0.9690, Low Slope: 0.9966
2025-04-08 19:22:43 [INFO] 2024-06-06 | High Slope: 0.9527, Low Slope: 0.9555
2025-04-08 19:22:43 [INFO] 2024-06-07 | High Slope: 0.9371, Low Slope: 0.9513
2025-04-08 19:22:43 [INFO] 2024-06-10 | High Slope: 0.8974, Low Slope: 0.8948
2025-04-08 19:22:43 [INFO] 2024-06-11 | High Slope: 0.8759, Low Slope: 0.8790
2025-04-08 19:22:43 [INFO] 2024-06-12 | High Slope: 0.8553, Low Slope: 0.8587
2025-04-08 19:22:43 [INFO] 2024-06-13 | High Slope: 0.8604, Low Slope: 0.8441
2025-04-08 19:22:43 [INFO] 2024-06-14 | High Slope: 0.8359, Low Slope: 0.7938
2025-04-08 19:22:43 [INFO] 2024-06-17 | High Slope: 0.7770, Low Slope: 0.7255
2025-04-08 19:22:43 [INFO] 2024-06-18 | High Slope: 0.7837, Low Slope: 0.7121
2025-04-08 19:22:43 [INFO] 2024-06-20 | High Slope: 0.8028, Low Slope: 0.7490
2025-04-08 19:22:43 [INFO] 2024-06-21 | High Slope: 0.8308, Low Slope: 0.7829
2025-04-08 19:22:43 [INFO] 2024-06-24 | High Slope: 0.8219, Low Slope: 0.7926
2025-04-08 19:22:43 [INFO] 2024-06-25 | High Slope: 0.8252, Low Slope: 0.7974
2025-04-08 19:22:43 [INFO] 2024-06-26 | High Slope: 0.8213, Low Slope: 0.8085
2025-04-08 19:22:43 [INFO] 2024-06-27 | High Slope: 0.8136, Low Slope: 0.8136
2025-04-08 19:22:43 [INFO] 2024-06-28 | High Slope: 0.8072, Low Slope: 0.8234
2025-04-08 19:22:43 [INFO] 2024-07-01 | High Slope: 0.8537, Low Slope: 0.8427
2025-04-08 19:22:43 [INFO] 2024-07-02 | High Slope: 0.8722, Low Slope: 0.8736
2025-04-08 19:22:43 [INFO] 2024-07-03 | High Slope: 0.8900, Low Slope: 0.8964
2025-04-08 19:22:43 [INFO] 2024-07-05 | High Slope: 0.9304, Low Slope: 0.9559
2025-04-08 19:22:43 [INFO] 2024-07-08 | High Slope: 0.9814, Low Slope: 1.0212
2025-04-08 19:22:43 [INFO] 2024-07-09 | High Slope: 1.0280, Low Slope: 1.0855
2025-04-08 19:22:43 [INFO] 2024-07-10 | High Slope: 1.0804, Low Slope: 1.1263
2025-04-08 19:22:43 [INFO] 2024-07-11 | High Slope: 1.1309, Low Slope: 1.1755
2025-04-08 19:22:43 [INFO] 2024-07-12 | High Slope: 1.1728, Low Slope: 1.2063
2025-04-08 19:22:43 [INFO] 2024-07-15 | High Slope: 1.1866, Low Slope: 1.2204
2025-04-08 19:22:43 [INFO] 2024-07-16 | High Slope: 1.1768, Low Slope: 1.2079
2025-04-08 19:22:43 [INFO] 2024-07-17 | High Slope: 1.1665, Low Slope: 1.1735
2025-04-08 19:22:43 [INFO] 2024-07-18 | High Slope: 1.1214, Low Slope: 1.1128
2025-04-08 19:22:43 [INFO] 2024-07-19 | High Slope: 1.0544, Low Slope: 1.0129
2025-04-08 19:22:43 [INFO] 2024-07-22 | High Slope: 0.9762, Low Slope: 0.9107
2025-04-08 19:22:43 [INFO] 2024-07-23 | High Slope: 0.9013, Low Slope: 0.8460
2025-04-08 19:22:43 [INFO] 2024-07-24 | High Slope: 0.8363, Low Slope: 0.7859
2025-04-08 19:22:43 [INFO] 2024-07-25 | High Slope: 0.7073, Low Slope: 0.6332
2025-04-08 19:22:43 [INFO] 2024-07-26 | High Slope: 0.5677, Low Slope: 0.4546
2025-04-08 19:22:43 [INFO] 2024-07-29 | High Slope: 0.4695, Low Slope: 0.3549
2025-04-08 19:22:43 [INFO] 2024-07-30 | High Slope: 0.3629, Low Slope: 0.2569
2025-04-08 19:22:43 [INFO] 2024-07-31 | High Slope: 0.2521, Low Slope: 0.1317
2025-04-08 19:22:43 [INFO] 2024-08-01 | High Slope: 0.2169, Low Slope: 0.0762
2025-04-08 19:22:43 [INFO] 2024-08-02 | High Slope: 0.1881, Low Slope: 0.0000
2025-04-08 19:22:43 [INFO] 2024-08-05 | High Slope: 0.0518, Low Slope: -0.1534
2025-04-08 19:22:43 [INFO] 2024-08-06 | High Slope: -0.1838, Low Slope: -0.4203
2025-04-08 19:22:43 [INFO] 2024-08-07 | High Slope: -0.3612, Low Slope: -0.6268
2025-04-08 19:22:43 [INFO] 2024-08-08 | High Slope: -0.5313, Low Slope: -0.8226
2025-04-08 19:22:43 [INFO] 2024-08-09 | High Slope: -0.6902, Low Slope: -0.9793
2025-04-08 19:22:43 [INFO] 2024-08-12 | High Slope: -0.8171, Low Slope: -1.0729
2025-04-08 19:22:43 [INFO] 2024-08-13 | High Slope: -0.9079, Low Slope: -1.1556
2025-04-08 19:22:43 [INFO] 2024-08-14 | High Slope: -0.9806, Low Slope: -1.2018
2025-04-08 19:22:43 [INFO] 2024-08-15 | High Slope: -1.0131, Low Slope: -1.2130
2025-04-08 19:22:43 [INFO] 2024-08-16 | High Slope: -0.9709, Low Slope: -1.1325
2025-04-08 19:22:43 [INFO] 2024-08-19 | High Slope: -0.8968, Low Slope: -1.0201
2025-04-08 19:22:43 [INFO] 2024-08-20 | High Slope: -0.7851, Low Slope: -0.8701
2025-04-08 19:22:43 [INFO] 2024-08-21 | High Slope: -0.6607, Low Slope: -0.6887
2025-04-08 19:22:43 [INFO] 2024-08-22 | High Slope: -0.4991, Low Slope: -0.5161
2025-04-08 19:22:43 [INFO] 2024-08-23 | High Slope: -0.3264, Low Slope: -0.3475
2025-04-08 19:22:43 [INFO] 2024-08-26 | High Slope: -0.1455, Low Slope: -0.1548
2025-04-08 19:22:43 [INFO] 2024-08-27 | High Slope: 0.0490, Low Slope: 0.0661
2025-04-08 19:22:43 [INFO] 2024-08-28 | High Slope: 0.2342, Low Slope: 0.2995
2025-04-08 19:22:43 [INFO] 2024-08-29 | High Slope: 0.3864, Low Slope: 0.4760
2025-04-08 19:22:43 [INFO] 2024-08-30 | High Slope: 0.5443, Low Slope: 0.6247
2025-04-08 19:22:43 [INFO] 2024-09-03 | High Slope: 0.6665, Low Slope: 0.7530
2025-04-08 19:22:43 [INFO] 2024-09-04 | High Slope: 0.7707, Low Slope: 0.8497
2025-04-08 19:22:43 [INFO] 2024-09-05 | High Slope: 0.8417, Low Slope: 0.9621
2025-04-08 19:22:43 [INFO] 2024-09-06 | High Slope: 0.8581, Low Slope: 0.9724
2025-04-08 19:22:43 [INFO] 2024-09-09 | High Slope: 0.8466, Low Slope: 0.9114
2025-04-08 19:22:43 [INFO] 2024-09-10 | High Slope: 0.8066, Low Slope: 0.8978
2025-04-08 19:22:43 [INFO] 2024-09-11 | High Slope: 0.7746, Low Slope: 0.8965
2025-04-08 19:22:43 [INFO] 2024-09-12 | High Slope: 0.7834, Low Slope: 0.8444
2025-04-08 19:22:43 [INFO] 2024-09-13 | High Slope: 0.8565, Low Slope: 0.9352
2025-04-08 19:22:43 [INFO] 2024-09-16 | High Slope: 0.9596, Low Slope: 1.0110
2025-04-08 19:22:43 [INFO] 2024-09-17 | High Slope: 0.9375, Low Slope: 1.0068
2025-04-08 19:22:43 [INFO] 2024-09-18 | High Slope: 0.8344, Low Slope: 0.8693
2025-04-08 19:22:43 [INFO] 2024-09-19 | High Slope: 0.7680, Low Slope: 0.7617
2025-04-08 19:22:43 [INFO] 2024-09-20 | High Slope: 0.7237, Low Slope: 0.6827
2025-04-08 19:22:43 [INFO] 2024-09-23 | High Slope: 0.6476, Low Slope: 0.6001
2025-04-08 19:22:43 [INFO] 2024-09-24 | High Slope: 0.5825, Low Slope: 0.5623
2025-04-08 19:22:43 [INFO] 2024-09-25 | High Slope: 0.5158, Low Slope: 0.5194
2025-04-08 19:22:43 [INFO] 2024-09-26 | High Slope: 0.4807, Low Slope: 0.5044
2025-04-08 19:22:43 [INFO] 2024-09-27 | High Slope: 0.4682, Low Slope: 0.5068
2025-04-08 19:22:43 [INFO] 2024-09-30 | High Slope: 0.4960, Low Slope: 0.5585
2025-04-08 19:22:43 [INFO] 2024-10-01 | High Slope: 0.5263, Low Slope: 0.6012
2025-04-08 19:22:43 [INFO] 2024-10-02 | High Slope: 0.5765, Low Slope: 0.6402
2025-04-08 19:22:43 [INFO] 2024-10-03 | High Slope: 0.6013, Low Slope: 0.6921
2025-04-08 19:22:43 [INFO] 2024-10-04 | High Slope: 0.6294, Low Slope: 0.7233
2025-04-08 19:22:43 [INFO] 2024-10-07 | High Slope: 0.6835, Low Slope: 0.7675
2025-04-08 19:22:43 [INFO] 2024-10-08 | High Slope: 0.7227, Low Slope: 0.8115
2025-04-08 19:22:43 [INFO] 2024-10-09 | High Slope: 0.7746, Low Slope: 0.8812
2025-04-08 19:22:43 [INFO] 2024-10-10 | High Slope: 0.8338, Low Slope: 0.9599
2025-04-08 19:22:43 [INFO] 2024-10-11 | High Slope: 0.8817, Low Slope: 1.0216
2025-04-08 19:22:43 [INFO] 2024-10-14 | High Slope: 0.9533, Low Slope: 1.0977
2025-04-08 19:22:43 [INFO] 2024-10-15 | High Slope: 1.0521, Low Slope: 1.1953
2025-04-08 19:22:43 [INFO] 2024-10-16 | High Slope: 1.1152, Low Slope: 1.2156
2025-04-08 19:22:43 [INFO] 2024-10-17 | High Slope: 1.1100, Low Slope: 1.2247
2025-04-08 19:22:43 [INFO] 2024-10-18 | High Slope: 1.1083, Low Slope: 1.2244
2025-04-08 19:22:43 [INFO] 2024-10-21 | High Slope: 1.0719, Low Slope: 1.1582
2025-04-08 19:22:43 [INFO] 2024-10-22 | High Slope: 0.9898, Low Slope: 1.0816
2025-04-08 19:22:43 [INFO] 2024-10-23 | High Slope: 0.8981, Low Slope: 0.9909
2025-04-08 19:22:43 [INFO] 2024-10-24 | High Slope: 0.8145, Low Slope: 0.8216
2025-04-08 19:22:43 [INFO] 2024-10-25 | High Slope: 0.7356, Low Slope: 0.7374
2025-04-08 19:22:43 [INFO] 2024-10-28 | High Slope: 0.6998, Low Slope: 0.6974
2025-04-08 19:22:43 [INFO] 2024-10-29 | High Slope: 0.6431, Low Slope: 0.6671
2025-04-08 19:22:43 [INFO] 2024-10-30 | High Slope: 0.6019, Low Slope: 0.6197
2025-04-08 19:22:43 [INFO] 2024-10-31 | High Slope: 0.5698, Low Slope: 0.5695
2025-04-08 19:22:43 [INFO] 2024-11-01 | High Slope: 0.5098, Low Slope: 0.4903
2025-04-08 19:22:43 [INFO] 2024-11-04 | High Slope: 0.4349, Low Slope: 0.4162
2025-04-08 19:22:43 [INFO] 2024-11-05 | High Slope: 0.3446, Low Slope: 0.3422
2025-04-08 19:22:43 [INFO] 2024-11-06 | High Slope: 0.2876, Low Slope: 0.2817
2025-04-08 19:22:43 [INFO] 2024-11-07 | High Slope: 0.3292, Low Slope: 0.3243
2025-04-08 19:22:43 [INFO] 2024-11-08 | High Slope: 0.4116, Low Slope: 0.4151
2025-04-08 19:22:43 [INFO] 2024-11-11 | High Slope: 0.5000, Low Slope: 0.5196
2025-04-08 19:22:43 [INFO] 2024-11-12 | High Slope: 0.5817, Low Slope: 0.6020
2025-04-08 19:22:43 [INFO] 2024-11-13 | High Slope: 0.6442, Low Slope: 0.6405
2025-04-08 19:22:43 [INFO] 2024-11-14 | High Slope: 0.6666, Low Slope: 0.6653
2025-04-08 19:22:43 [INFO] 2024-11-15 | High Slope: 0.6663, Low Slope: 0.6636
2025-04-08 19:22:43 [INFO] 2024-11-18 | High Slope: 0.6292, Low Slope: 0.6114
2025-04-08 19:22:43 [INFO] 2024-11-19 | High Slope: 0.5705, Low Slope: 0.5517
2025-04-08 19:22:43 [INFO] 2024-11-20 | High Slope: 0.5265, Low Slope: 0.4952
2025-04-08 19:22:43 [INFO] 2024-11-21 | High Slope: 0.5002, Low Slope: 0.4569
2025-04-08 19:22:43 [INFO] 2024-11-22 | High Slope: 0.4949, Low Slope: 0.4445
2025-04-08 19:22:43 [INFO] 2024-11-25 | High Slope: 0.5074, Low Slope: 0.4727
2025-04-08 19:22:43 [INFO] 2024-11-26 | High Slope: 0.5769, Low Slope: 0.5395
2025-04-08 19:22:43 [INFO] 2024-11-27 | High Slope: 0.6399, Low Slope: 0.6032
2025-04-08 19:22:43 [INFO] 2024-11-29 | High Slope: 0.6785, Low Slope: 0.6562
2025-04-08 19:22:43 [INFO] 2024-12-02 | High Slope: 0.7477, Low Slope: 0.7364
2025-04-08 19:22:43 [INFO] 2024-12-03 | High Slope: 0.8104, Low Slope: 0.8317
2025-04-08 19:22:43 [INFO] 2024-12-04 | High Slope: 0.8601, Low Slope: 0.9038
2025-04-08 19:22:43 [INFO] 2024-12-05 | High Slope: 0.9229, Low Slope: 0.9815
2025-04-08 19:22:43 [INFO] 2024-12-06 | High Slope: 0.9598, Low Slope: 1.0161
2025-04-08 19:22:43 [INFO] 2024-12-09 | High Slope: 0.9774, Low Slope: 1.0560
2025-04-08 19:22:43 [INFO] 2024-12-10 | High Slope: 1.0046, Low Slope: 1.0740
2025-04-08 19:22:43 [INFO] 2024-12-11 | High Slope: 0.9962, Low Slope: 1.0847
2025-04-08 19:22:43 [INFO] 2024-12-12 | High Slope: 0.9958, Low Slope: 1.0931
2025-04-08 19:22:43 [INFO] 2024-12-13 | High Slope: 0.9789, Low Slope: 1.0879
2025-04-08 19:22:43 [INFO] 2024-12-16 | High Slope: 0.8984, Low Slope: 0.9875
2025-04-08 19:22:43 [INFO] 2024-12-17 | High Slope: 0.8077, Low Slope: 0.9023
2025-04-08 19:22:43 [INFO] 2024-12-18 | High Slope: 0.6651, Low Slope: 0.7683
2025-04-08 19:22:43 [INFO] 2024-12-19 | High Slope: 0.5451, Low Slope: 0.5277
2025-04-08 19:22:43 [INFO] 2024-12-20 | High Slope: 0.4301, Low Slope: 0.3821
2025-04-08 19:22:43 [INFO] SUMMARY - Total Trades: 0, Total Profit: $0, Win Rate: 0%
2025-04-08 19:26:56 [INFO] \U0001f680 Testing strategy v2.1 on SPY from 2024-01-01 to 2025-01-01...
2025-04-08 19:30:03 [INFO] \U0001f680 Testing strategy v2.1 on SPY from 2024-01-01 to 2025-01-01...
2025-04-08 19:30:03 [INFO] 2024-03-14 | High Slope: 0.8916, Low Slope: 0.8872
2025-04-08 19:30:03 [INFO] 2024-03-15 | High Slope: 0.8630, Low Slope: 0.8371
2025-04-08 19:30:03 [INFO] 2024-03-18 | High Slope: 0.7987, Low Slope: 0.7673
2025-04-08 19:30:03 [INFO] 2024-03-19 | High Slope: 0.7942, Low Slope: 0.7510
2025-04-08 19:30:03 [INFO] 2024-03-20 | High Slope: 0.7726, Low Slope: 0.7218
2025-04-08 19:30:03 [INFO] 2024-03-21 | High Slope: 0.7697, Low Slope: 0.7203
2025-04-08 19:30:03 [INFO] 2024-03-22 | High Slope: 0.8055, Low Slope: 0.7740
2025-04-08 19:30:03 [INFO] 2024-03-25 | High Slope: 0.8210, Low Slope: 0.8222
2025-04-08 19:30:03 [INFO] 2024-03-26 | High Slope: 0.8347, Low Slope: 0.8591
2025-04-08 19:30:03 [INFO] 2024-03-27 | High Slope: 0.8558, Low Slope: 0.8902
2025-04-08 19:30:03 [INFO] 2024-03-28 | High Slope: 0.8352, Low Slope: 0.8549
2025-04-08 19:30:03 [INFO] 2024-04-01 | High Slope: 0.8247, Low Slope: 0.8523
2025-04-08 19:30:03 [INFO] 2024-04-02 | High Slope: 0.8222, Low Slope: 0.8548
2025-04-08 19:30:03 [INFO] 2024-04-03 | High Slope: 0.7793, Low Slope: 0.8180
2025-04-08 19:30:03 [INFO] 2024-04-04 | High Slope: 0.7110, Low Slope: 0.7511
2025-04-08 19:30:03 [INFO] 2024-04-05 | High Slope: 0.6437, Low Slope: 0.6361
2025-04-08 19:30:03 [INFO] 2024-04-08 | High Slope: 0.6176, Low Slope: 0.5841
2025-04-08 19:30:03 [INFO] 2024-04-09 | High Slope: 0.5951, Low Slope: 0.5790
2025-04-08 19:30:03 [INFO] 2024-04-10 | High Slope: 0.5618, Low Slope: 0.5375
2025-04-08 19:30:03 [INFO] 2024-04-11 | High Slope: 0.4824, Low Slope: 0.4696
2025-04-08 19:30:03 [INFO] 2024-04-12 | High Slope: 0.4175, Low Slope: 0.3992
2025-04-08 19:30:03 [INFO] 2024-04-15 | High Slope: 0.3426, Low Slope: 0.3086
2025-04-08 19:30:03 [INFO] 2024-04-16 | High Slope: 0.2852, Low Slope: 0.2023
2025-04-08 19:30:03 [INFO] 2024-04-17 | High Slope: 0.1763, Low Slope: 0.1122
2025-04-08 19:30:03 [INFO] 2024-04-18 | High Slope: 0.0445, Low Slope: -0.0421
2025-04-08 19:30:03 [INFO] 2024-04-19 | High Slope: -0.0901, Low Slope: -0.1744
2025-04-08 19:30:03 [INFO] 2024-04-22 | High Slope: -0.2192, Low Slope: -0.3234
2025-04-08 19:30:03 [INFO] 2024-04-23 | High Slope: -0.3143, Low Slope: -0.4472
2025-04-08 19:30:03 [INFO] 2024-04-24 | High Slope: -0.4225, Low Slope: -0.5566
2025-04-08 19:30:03 [INFO] 2024-04-25 | High Slope: -0.4834, Low Slope: -0.6237
2025-04-08 19:30:03 [INFO] 2024-04-26 | High Slope: -0.5609, Low Slope: -0.6994
2025-04-08 19:30:03 [INFO] 2024-04-29 | High Slope: -0.5988, Low Slope: -0.7342
2025-04-08 19:30:03 [INFO] 2024-04-30 | High Slope: -0.6547, Low Slope: -0.7715
2025-04-08 19:30:03 [INFO] 2024-05-01 | High Slope: -0.6920, Low Slope: -0.8126
2025-04-08 19:30:03 [INFO] 2024-05-02 | High Slope: -0.7319, Low Slope: -0.8715
2025-04-08 19:30:03 [INFO] 2024-05-03 | High Slope: -0.7516, Low Slope: -0.9006
2025-04-08 19:30:03 [INFO] 2024-05-06 | High Slope: -0.6986, Low Slope: -0.8189
2025-04-08 19:30:03 [INFO] 2024-05-07 | High Slope: -0.6249, Low Slope: -0.7076
2025-04-08 19:30:03 [INFO] 2024-05-08 | High Slope: -0.5473, Low Slope: -0.5820
2025-04-08 19:30:03 [INFO] 2024-05-09 | High Slope: -0.4698, Low Slope: -0.4717
2025-04-08 19:30:03 [INFO] 2024-05-10 | High Slope: -0.3637, Low Slope: -0.3425
2025-04-08 19:30:03 [INFO] 2024-05-13 | High Slope: -0.2312, Low Slope: -0.1714
2025-04-08 19:30:03 [INFO] 2024-05-14 | High Slope: -0.0993, Low Slope: -0.0102
2025-04-08 19:30:03 [INFO] 2024-05-15 | High Slope: 0.0040, Low Slope: 0.1262
2025-04-08 19:30:03 [INFO] 2024-05-16 | High Slope: 0.1584, Low Slope: 0.2983
2025-04-08 19:30:03 [INFO] 2024-05-17 | High Slope: 0.3379, Low Slope: 0.4551
2025-04-08 19:30:03 [INFO] 2024-05-20 | High Slope: 0.4778, Low Slope: 0.6057
2025-04-08 19:30:03 [INFO] 2024-05-21 | High Slope: 0.6251, Low Slope: 0.7886
2025-04-08 19:30:03 [INFO] 2024-05-22 | High Slope: 0.7709, Low Slope: 0.9419
2025-04-08 19:30:03 [INFO] 2024-05-23 | High Slope: 0.8799, Low Slope: 1.0639
2025-04-08 19:30:03 [INFO] 2024-05-24 | High Slope: 1.0155, Low Slope: 1.1607
2025-04-08 19:30:03 [INFO] 2024-05-28 | High Slope: 1.1025, Low Slope: 1.2453
2025-04-08 19:30:03 [INFO] 2024-05-29 | High Slope: 1.1810, Low Slope: 1.2861
2025-04-08 19:30:03 [INFO] 2024-05-30 | High Slope: 1.1726, Low Slope: 1.2961
2025-04-08 19:30:03 [INFO] 2024-05-31 | High Slope: 1.1397, Low Slope: 1.2491
2025-04-08 19:30:03 [INFO] 2024-06-03 | High Slope: 1.0988, Low Slope: 1.1697
2025-04-08 19:30:03 [INFO] 2024-06-04 | High Slope: 1.0342, Low Slope: 1.0766
2025-04-08 19:30:03 [INFO] 2024-06-05 | High Slope: 0.9690, Low Slope: 0.9966
2025-04-08 19:30:03 [INFO] 2024-06-06 | High Slope: 0.9526, Low Slope: 0.9555
2025-04-08 19:30:03 [INFO] 2024-06-07 | High Slope: 0.9371, Low Slope: 0.9513
2025-04-08 19:30:03 [INFO] 2024-06-10 | High Slope: 0.8974, Low Slope: 0.8948
2025-04-08 19:30:03 [INFO] 2024-06-11 | High Slope: 0.8759, Low Slope: 0.8790
2025-04-08 19:30:03 [INFO] 2024-06-12 | High Slope: 0.8553, Low Slope: 0.8587
2025-04-08 19:30:03 [INFO] 2024-06-13 | High Slope: 0.8604, Low Slope: 0.8441
2025-04-08 19:30:03 [INFO] 2024-06-14 | High Slope: 0.8359, Low Slope: 0.7938
2025-04-08 19:30:03 [INFO] 2024-06-17 | High Slope: 0.7770, Low Slope: 0.7255
2025-04-08 19:30:03 [INFO] 2024-06-18 | High Slope: 0.7837, Low Slope: 0.7121
2025-04-08 19:30:03 [INFO] 2024-06-20 | High Slope: 0.8028, Low Slope: 0.7490
2025-04-08 19:30:03 [INFO] 2024-06-21 | High Slope: 0.8308, Low Slope: 0.7829
2025-04-08 19:30:03 [INFO] 2024-06-24 | High Slope: 0.8219, Low Slope: 0.7926
2025-04-08 19:30:03 [INFO] 2024-06-25 | High Slope: 0.8252, Low Slope: 0.7974
2025-04-08 19:30:03 [INFO] 2024-06-26 | High Slope: 0.8213, Low Slope: 0.8085
2025-04-08 19:30:03 [INFO] 2024-06-27 | High Slope: 0.8136, Low Slope: 0.8136
2025-04-08 19:30:03 [INFO] 2024-06-28 | High Slope: 0.8072, Low Slope: 0.8234
2025-04-08 19:30:03 [INFO] 2024-07-01 | High Slope: 0.8537, Low Slope: 0.8427
2025-04-08 19:30:03 [INFO] 2024-07-02 | High Slope: 0.8722, Low Slope: 0.8736
2025-04-08 19:30:03 [INFO] 2024-07-03 | High Slope: 0.8900, Low Slope: 0.8964
2025-04-08 19:30:03 [INFO] 2024-07-05 | High Slope: 0.9304, Low Slope: 0.9559
2025-04-08 19:30:03 [INFO] 2024-07-08 | High Slope: 0.9814, Low Slope: 1.0212
2025-04-08 19:30:03 [INFO] 2024-07-09 | High Slope: 1.0280, Low Slope: 1.0855
2025-04-08 19:30:03 [INFO] 2024-07-10 | High Slope: 1.0804, Low Slope: 1.1263
2025-04-08 19:30:03 [INFO] 2024-07-11 | High Slope: 1.1309, Low Slope: 1.1755
2025-04-08 19:30:03 [INFO] 2024-07-12 | High Slope: 1.1728, Low Slope: 1.2063
2025-04-08 19:30:03 [INFO] 2024-07-15 | High Slope: 1.1866, Low Slope: 1.2204
2025-04-08 19:30:03 [INFO] 2024-07-16 | High Slope: 1.1768, Low Slope: 1.2079
2025-04-08 19:30:03 [INFO] 2024-07-17 | High Slope: 1.1665, Low Slope: 1.1735
2025-04-08 19:30:03 [INFO] 2024-07-18 | High Slope: 1.1214, Low Slope: 1.1128
2025-04-08 19:30:03 [INFO] 2024-07-19 | High Slope: 1.0544, Low Slope: 1.0129
2025-04-08 19:30:03 [INFO] 2024-07-22 | High Slope: 0.9762, Low Slope: 0.9107
2025-04-08 19:30:03 [INFO] 2024-07-23 | High Slope: 0.9013, Low Slope: 0.8460
2025-04-08 19:30:03 [INFO] 2024-07-24 | High Slope: 0.8363, Low Slope: 0.7859
2025-04-08 19:30:03 [INFO] 2024-07-25 | High Slope: 0.7073, Low Slope: 0.6332
2025-04-08 19:30:03 [INFO] 2024-07-26 | High Slope: 0.5677, Low Slope: 0.4546
2025-04-08 19:30:03 [INFO] 2024-07-29 | High Slope: 0.4695, Low Slope: 0.3549
2025-04-08 19:30:03 [INFO] 2024-07-30 | High Slope: 0.3629, Low Slope: 0.2569
2025-04-08 19:30:03 [INFO] 2024-07-31 | High Slope: 0.2521, Low Slope: 0.1317
2025-04-08 19:30:03 [INFO] 2024-08-01 | High Slope: 0.2169, Low Slope: 0.0762
2025-04-08 19:30:03 [INFO] 2024-08-02 | High Slope: 0.1881, Low Slope: 0.0000
2025-04-08 19:30:03 [INFO] 2024-08-05 | High Slope: 0.0518, Low Slope: -0.1534
2025-04-08 19:30:03 [INFO] 2024-08-06 | High Slope: -0.1838, Low Slope: -0.4203
2025-04-08 19:30:03 [INFO] 2024-08-07 | High Slope: -0.3612, Low Slope: -0.6268
2025-04-08 19:30:03 [INFO] 2024-08-08 | High Slope: -0.5313, Low Slope: -0.8226
2025-04-08 19:30:03 [INFO] 2024-08-09 | High Slope: -0.6902, Low Slope: -0.9793
2025-04-08 19:30:03 [INFO] 2024-08-12 | High Slope: -0.8171, Low Slope: -1.0729
2025-04-08 19:30:03 [INFO] 2024-08-13 | High Slope: -0.9079, Low Slope: -1.1556
2025-04-08 19:30:03 [INFO] 2024-08-14 | High Slope: -0.9806, Low Slope: -1.2018
2025-04-08 19:30:03 [INFO] 2024-08-15 | High Slope: -1.0131, Low Slope: -1.2130
2025-04-08 19:30:03 [INFO] 2024-08-16 | High Slope: -0.9709, Low Slope: -1.1325
2025-04-08 19:30:03 [INFO] 2024-08-19 | High Slope: -0.8968, Low Slope: -1.0201
2025-04-08 19:30:03 [INFO] 2024-08-20 | High Slope: -0.7851, Low Slope: -0.8701
2025-04-08 19:30:03 [INFO] 2024-08-21 | High Slope: -0.6607, Low Slope: -0.6887
2025-04-08 19:30:03 [INFO] 2024-08-22 | High Slope: -0.4991, Low Slope: -0.5161
2025-04-08 19:30:03 [INFO] 2024-08-23 | High Slope: -0.3264, Low Slope: -0.3475
2025-04-08 19:30:03 [INFO] 2024-08-26 | High Slope: -0.1455, Low Slope: -0.1548
2025-04-08 19:30:03 [INFO] 2024-08-27 | High Slope: 0.0490, Low Slope: 0.0661
2025-04-08 19:30:03 [INFO] 2024-08-28 | High Slope: 0.2342, Low Slope: 0.2995
2025-04-08 19:30:03 [INFO] 2024-08-29 | High Slope: 0.3864, Low Slope: 0.4760
2025-04-08 19:30:03 [INFO] 2024-08-30 | High Slope: 0.5443, Low Slope: 0.6247
2025-04-08 19:30:03 [INFO] 2024-09-03 | High Slope: 0.6665, Low Slope: 0.7530
2025-04-08 19:30:03 [INFO] 2024-09-04 | High Slope: 0.7707, Low Slope: 0.8497
2025-04-08 19:30:03 [INFO] 2024-09-05 | High Slope: 0.8417, Low Slope: 0.9621
2025-04-08 19:30:03 [INFO] 2024-09-06 | High Slope: 0.8581, Low Slope: 0.9724
2025-04-08 19:30:03 [INFO] 2024-09-09 | High Slope: 0.8466, Low Slope: 0.9114
2025-04-08 19:30:03 [INFO] 2024-09-10 | High Slope: 0.8066, Low Slope: 0.8978
2025-04-08 19:30:03 [INFO] 2024-09-11 | High Slope: 0.7746, Low Slope: 0.8965
2025-04-08 19:30:03 [INFO] 2024-09-12 | High Slope: 0.7834, Low Slope: 0.8444
2025-04-08 19:30:03 [INFO] 2024-09-13 | High Slope: 0.8565, Low Slope: 0.9352
2025-04-08 19:30:03 [INFO] 2024-09-16 | High Slope: 0.9596, Low Slope: 1.0110
2025-04-08 19:30:03 [INFO] 2024-09-17 | High Slope: 0.9375, Low Slope: 1.0068
2025-04-08 19:30:03 [INFO] 2024-09-18 | High Slope: 0.8344, Low Slope: 0.8693
2025-04-08 19:30:03 [INFO] 2024-09-19 | High Slope: 0.7680, Low Slope: 0.7617
2025-04-08 19:30:03 [INFO] 2024-09-20 | High Slope: 0.7237, Low Slope: 0.6827
2025-04-08 19:30:03 [INFO] 2024-09-23 | High Slope: 0.6476, Low Slope: 0.6001
2025-04-08 19:30:03 [INFO] 2024-09-24 | High Slope: 0.5825, Low Slope: 0.5623
2025-04-08 19:30:03 [INFO] 2024-09-25 | High Slope: 0.5158, Low Slope: 0.5194
2025-04-08 19:30:03 [INFO] 2024-09-26 | High Slope: 0.4807, Low Slope: 0.5044
2025-04-08 19:30:03 [INFO] 2024-09-27 | High Slope: 0.4682, Low Slope: 0.5068
2025-04-08 19:30:03 [INFO] 2024-09-30 | High Slope: 0.4960, Low Slope: 0.5585
2025-04-08 19:30:03 [INFO] 2024-10-01 | High Slope: 0.5263, Low Slope: 0.6012
2025-04-08 19:30:03 [INFO] 2024-10-02 | High Slope: 0.5765, Low Slope: 0.6402
2025-04-08 19:30:03 [INFO] 2024-10-03 | High Slope: 0.6013, Low Slope: 0.6921
2025-04-08 19:30:03 [INFO] 2024-10-04 | High Slope: 0.6294, Low Slope: 0.7233
2025-04-08 19:30:03 [INFO] 2024-10-07 | High Slope: 0.6835, Low Slope: 0.7675
2025-04-08 19:30:03 [INFO] 2024-10-08 | High Slope: 0.7227, Low Slope: 0.8115
2025-04-08 19:30:03 [INFO] 2024-10-09 | High Slope: 0.7746, Low Slope: 0.8812
2025-04-08 19:30:03 [INFO] 2024-10-10 | High Slope: 0.8338, Low Slope: 0.9599
2025-04-08 19:30:03 [INFO] 2024-10-11 | High Slope: 0.8817, Low Slope: 1.0216
2025-04-08 19:30:03 [INFO] 2024-10-14 | High Slope: 0.9533, Low Slope: 1.0977
2025-04-08 19:30:03 [INFO] 2024-10-15 | High Slope: 1.0521, Low Slope: 1.1953
2025-04-08 19:30:03 [INFO] 2024-10-16 | High Slope: 1.1152, Low Slope: 1.2156
2025-04-08 19:30:03 [INFO] 2024-10-17 | High Slope: 1.1100, Low Slope: 1.2247
2025-04-08 19:30:03 [INFO] 2024-10-18 | High Slope: 1.1083, Low Slope: 1.2244
2025-04-08 19:30:03 [INFO] 2024-10-21 | High Slope: 1.0719, Low Slope: 1.1582
2025-04-08 19:30:03 [INFO] 2024-10-22 | High Slope: 0.9898, Low Slope: 1.0816
2025-04-08 19:30:03 [INFO] 2024-10-23 | High Slope: 0.8981, Low Slope: 0.9909
2025-04-08 19:30:03 [INFO] 2024-10-24 | High Slope: 0.8145, Low Slope: 0.8216
2025-04-08 19:30:03 [INFO] 2024-10-25 | High Slope: 0.7356, Low Slope: 0.7374
2025-04-08 19:30:03 [INFO] 2024-10-28 | High Slope: 0.6998, Low Slope: 0.6974
2025-04-08 19:30:03 [INFO] 2024-10-29 | High Slope: 0.6431, Low Slope: 0.6671
2025-04-08 19:30:03 [INFO] 2024-10-30 | High Slope: 0.6019, Low Slope: 0.6197
2025-04-08 19:30:03 [INFO] 2024-10-31 | High Slope: 0.5698, Low Slope: 0.5695
2025-04-08 19:30:03 [INFO] 2024-11-01 | High Slope: 0.5098, Low Slope: 0.4903
2025-04-08 19:30:03 [INFO] 2024-11-04 | High Slope: 0.4349, Low Slope: 0.4162
2025-04-08 19:30:03 [INFO] 2024-11-05 | High Slope: 0.3446, Low Slope: 0.3422
2025-04-08 19:30:03 [INFO] 2024-11-06 | High Slope: 0.2876, Low Slope: 0.2817
2025-04-08 19:30:03 [INFO] 2024-11-07 | High Slope: 0.3292, Low Slope: 0.3243
2025-04-08 19:30:03 [INFO] 2024-11-08 | High Slope: 0.4116, Low Slope: 0.4151
2025-04-08 19:30:03 [INFO] 2024-11-11 | High Slope: 0.5000, Low Slope: 0.5196
2025-04-08 19:30:03 [INFO] 2024-11-12 | High Slope: 0.5817, Low Slope: 0.6020
2025-04-08 19:30:03 [INFO] 2024-11-13 | High Slope: 0.6442, Low Slope: 0.6405
2025-04-08 19:30:03 [INFO] 2024-11-14 | High Slope: 0.6666, Low Slope: 0.6653
2025-04-08 19:30:03 [INFO] 2024-11-15 | High Slope: 0.6663, Low Slope: 0.6636
2025-04-08 19:30:03 [INFO] 2024-11-18 | High Slope: 0.6292, Low Slope: 0.6114
2025-04-08 19:30:03 [INFO] 2024-11-19 | High Slope: 0.5705, Low Slope: 0.5517
2025-04-08 19:30:03 [INFO] 2024-11-20 | High Slope: 0.5265, Low Slope: 0.4952
2025-04-08 19:30:03 [INFO] 2024-11-21 | High Slope: 0.5002, Low Slope: 0.4569
2025-04-08 19:30:03 [INFO] 2024-11-22 | High Slope: 0.4949, Low Slope: 0.4445
2025-04-08 19:30:03 [INFO] 2024-11-25 | High Slope: 0.5074, Low Slope: 0.4727
2025-04-08 19:30:03 [INFO] 2024-11-26 | High Slope: 0.5769, Low Slope: 0.5395
2025-04-08 19:30:03 [INFO] 2024-11-27 | High Slope: 0.6399, Low Slope: 0.6032
2025-04-08 19:30:03 [INFO] 2024-11-29 | High Slope: 0.6785, Low Slope: 0.6562
2025-04-08 19:30:03 [INFO] 2024-12-02 | High Slope: 0.7477, Low Slope: 0.7364
2025-04-08 19:30:03 [INFO] 2024-12-03 | High Slope: 0.8104, Low Slope: 0.8317
2025-04-08 19:30:03 [INFO] 2024-12-04 | High Slope: 0.8601, Low Slope: 0.9038
2025-04-08 19:30:03 [INFO] 2024-12-05 | High Slope: 0.9229, Low Slope: 0.9815
2025-04-08 19:30:03 [INFO] 2024-12-06 | High Slope: 0.9598, Low Slope: 1.0161
2025-04-08 19:30:03 [INFO] 2024-12-09 | High Slope: 0.9774, Low Slope: 1.0560
2025-04-08 19:30:03 [INFO] 2024-12-10 | High Slope: 1.0046, Low Slope: 1.0740
2025-04-08 19:30:03 [INFO] 2024-12-11 | High Slope: 0.9962, Low Slope: 1.0847
2025-04-08 19:30:03 [INFO] 2024-12-12 | High Slope: 0.9958, Low Slope: 1.0931
2025-04-08 19:30:03 [INFO] 2024-12-13 | High Slope: 0.9789, Low Slope: 1.0879
2025-04-08 19:30:03 [INFO] 2024-12-16 | High Slope: 0.8984, Low Slope: 0.9875
2025-04-08 19:30:03 [INFO] 2024-12-17 | High Slope: 0.8077, Low Slope: 0.9023
2025-04-08 19:30:03 [INFO] 2024-12-18 | High Slope: 0.6651, Low Slope: 0.7683
2025-04-08 19:30:03 [INFO] 2024-12-19 | High Slope: 0.5451, Low Slope: 0.5277
2025-04-08 19:30:03 [INFO] 2024-12-20 | High Slope: 0.4301, Low Slope: 0.3821
2025-04-08 19:30:03 [INFO] SUMMARY - Total Trades: 0, Total Profit: $0, Win Rate: 0%
2025-04-08 19:39:14 [INFO] \U0001f680 Testing strategy v2.1 on SPY from 2024-01-01 to 2025-01-01...
2025-04-08 19:43:24 [INFO] \U0001f680 Testing strategy v2.1 on SPY from 2024-01-01 to 2025-01-01...
2025-04-08 19:43:24 [INFO] 2024-03-14 | High Slope: 0.8916, Low Slope: 0.8872
2025-04-08 19:43:24 [INFO] 2024-03-15 | High Slope: 0.8630, Low Slope: 0.8371
2025-04-08 19:43:24 [INFO] 2024-03-18 | High Slope: 0.7987, Low Slope: 0.7673
2025-04-08 19:43:24 [INFO] 2024-03-19 | High Slope: 0.7942, Low Slope: 0.7510
2025-04-08 19:43:24 [INFO] 2024-03-20 | High Slope: 0.7726, Low Slope: 0.7218
2025-04-08 19:43:24 [INFO] 2024-03-21 | High Slope: 0.7697, Low Slope: 0.7203
2025-04-08 19:43:24 [INFO] 2024-03-22 | High Slope: 0.8055, Low Slope: 0.7740
2025-04-08 19:43:24 [INFO] 2024-03-25 | High Slope: 0.8210, Low Slope: 0.8222
2025-04-08 19:43:24 [INFO] 2024-03-26 | High Slope: 0.8347, Low Slope: 0.8591
2025-04-08 19:43:24 [INFO] 2024-03-27 | High Slope: 0.8558, Low Slope: 0.8902
2025-04-08 19:43:24 [INFO] 2024-03-28 | High Slope: 0.8352, Low Slope: 0.8549
2025-04-08 19:43:24 [INFO] 2024-04-01 | High Slope: 0.8247, Low Slope: 0.8523
2025-04-08 19:43:24 [INFO] 2024-04-02 | High Slope: 0.8222, Low Slope: 0.8548
2025-04-08 19:43:24 [INFO] 2024-04-03 | High Slope: 0.7793, Low Slope: 0.8180
2025-04-08 19:43:24 [INFO] 2024-04-04 | High Slope: 0.7110, Low Slope: 0.7511
2025-04-08 19:43:24 [INFO] 2024-04-05 | High Slope: 0.6437, Low Slope: 0.6361
2025-04-08 19:43:24 [INFO] 2024-04-08 | High Slope: 0.6176, Low Slope: 0.5841
2025-04-08 19:43:24 [INFO] 2024-04-09 | High Slope: 0.5951, Low Slope: 0.5790
2025-04-08 19:43:24 [INFO] 2024-04-10 | High Slope: 0.5618, Low Slope: 0.5375
2025-04-08 19:43:24 [INFO] 2024-04-11 | High Slope: 0.4824, Low Slope: 0.4696
2025-04-08 19:43:24 [INFO] 2024-04-12 | High Slope: 0.4175, Low Slope: 0.3992
2025-04-08 19:43:24 [INFO] 2024-04-15 | High Slope: 0.3426, Low Slope: 0.3086
2025-04-08 19:43:24 [INFO] 2024-04-16 | High Slope: 0.2852, Low Slope: 0.2023
2025-04-08 19:43:24 [INFO] 2024-04-17 | High Slope: 0.1763, Low Slope: 0.1122
2025-04-08 19:43:24 [INFO] 2024-04-18 | High Slope: 0.0445, Low Slope: -0.0421
2025-04-08 19:43:24 [INFO] 2024-04-19 | High Slope: -0.0901, Low Slope: -0.1744
2025-04-08 19:43:24 [INFO] 2024-04-22 | High Slope: -0.2192, Low Slope: -0.3234
2025-04-08 19:43:24 [INFO] 2024-04-23 | High Slope: -0.3143, Low Slope: -0.4472
2025-04-08 19:43:24 [INFO] 2024-04-24 | High Slope: -0.4225, Low Slope: -0.5566
2025-04-08 19:43:24 [INFO] 2024-04-25 | High Slope: -0.4834, Low Slope: -0.6237
2025-04-08 19:43:24 [INFO] 2024-04-26 | High Slope: -0.5609, Low Slope: -0.6994
2025-04-08 19:43:24 [INFO] 2024-04-29 | High Slope: -0.5988, Low Slope: -0.7342
2025-04-08 19:43:24 [INFO] 2024-04-30 | High Slope: -0.6547, Low Slope: -0.7715
2025-04-08 19:43:24 [INFO] 2024-05-01 | High Slope: -0.6920, Low Slope: -0.8126
2025-04-08 19:43:24 [INFO] 2024-05-02 | High Slope: -0.7319, Low Slope: -0.8715
2025-04-08 19:43:24 [INFO] 2024-05-03 | High Slope: -0.7516, Low Slope: -0.9006
2025-04-08 19:43:24 [INFO] 2024-05-06 | High Slope: -0.6986, Low Slope: -0.8189
2025-04-08 19:43:24 [INFO] 2024-05-07 | High Slope: -0.6249, Low Slope: -0.7076
2025-04-08 19:43:24 [INFO] 2024-05-08 | High Slope: -0.5473, Low Slope: -0.5820
2025-04-08 19:43:24 [INFO] 2024-05-09 | High Slope: -0.4698, Low Slope: -0.4717
2025-04-08 19:43:24 [INFO] 2024-05-10 | High Slope: -0.3637, Low Slope: -0.3425
2025-04-08 19:43:24 [INFO] 2024-05-13 | High Slope: -0.2312, Low Slope: -0.1714
2025-04-08 19:43:24 [INFO] 2024-05-14 | High Slope: -0.0993, Low Slope: -0.0102
2025-04-08 19:43:24 [INFO] 2024-05-15 | High Slope: 0.0040, Low Slope: 0.1262
2025-04-08 19:43:24 [INFO] 2024-05-16 | High Slope: 0.1584, Low Slope: 0.2983
2025-04-08 19:43:24 [INFO] 2024-05-17 | High Slope: 0.3379, Low Slope: 0.4551
2025-04-08 19:43:24 [INFO] 2024-05-20 | High Slope: 0.4778, Low Slope: 0.6057
2025-04-08 19:43:24 [INFO] 2024-05-21 | High Slope: 0.6251, Low Slope: 0.7886
2025-04-08 19:43:24 [INFO] 2024-05-22 | High Slope: 0.7709, Low Slope: 0.9419
2025-04-08 19:43:24 [INFO] 2024-05-23 | High Slope: 0.8799, Low Slope: 1.0639
2025-04-08 19:43:24 [INFO] 2024-05-24 | High Slope: 1.0155, Low Slope: 1.1607
2025-04-08 19:43:24 [INFO] 2024-05-28 | High Slope: 1.1025, Low Slope: 1.2453
2025-04-08 19:43:24 [INFO] 2024-05-29 | High Slope: 1.1810, Low Slope: 1.2861
2025-04-08 19:43:24 [INFO] 2024-05-30 | High Slope: 1.1726, Low Slope: 1.2961
2025-04-08 19:43:24 [INFO] 2024-05-31 | High Slope: 1.1397, Low Slope: 1.2491
2025-04-08 19:43:24 [INFO] 2024-06-03 | High Slope: 1.0988, Low Slope: 1.1697
2025-04-08 19:43:24 [INFO] 2024-06-04 | High Slope: 1.0342, Low Slope: 1.0766
2025-04-08 19:43:24 [INFO] 2024-06-05 | High Slope: 0.9690, Low Slope: 0.9966
2025-04-08 19:43:24 [INFO] 2024-06-06 | High Slope: 0.9526, Low Slope: 0.9555
2025-04-08 19:43:24 [INFO] 2024-06-07 | High Slope: 0.9371, Low Slope: 0.9513
2025-04-08 19:43:24 [INFO] 2024-06-10 | High Slope: 0.8974, Low Slope: 0.8948
2025-04-08 19:43:24 [INFO] 2024-06-11 | High Slope: 0.8759, Low Slope: 0.8790
2025-04-08 19:43:24 [INFO] 2024-06-12 | High Slope: 0.8553, Low Slope: 0.8587
2025-04-08 19:43:24 [INFO] 2024-06-13 | High Slope: 0.8604, Low Slope: 0.8441
2025-04-08 19:43:24 [INFO] 2024-06-14 | High Slope: 0.8359, Low Slope: 0.7938
2025-04-08 19:43:24 [INFO] 2024-06-17 | High Slope: 0.7770, Low Slope: 0.7255
2025-04-08 19:43:24 [INFO] 2024-06-18 | High Slope: 0.7837, Low Slope: 0.7121
2025-04-08 19:43:24 [INFO] 2024-06-20 | High Slope: 0.8028, Low Slope: 0.7490
2025-04-08 19:43:24 [INFO] 2024-06-21 | High Slope: 0.8308, Low Slope: 0.7829
2025-04-08 19:43:24 [INFO] 2024-06-24 | High Slope: 0.8219, Low Slope: 0.7926
2025-04-08 19:43:24 [INFO] 2024-06-25 | High Slope: 0.8252, Low Slope: 0.7974
2025-04-08 19:43:24 [INFO] 2024-06-26 | High Slope: 0.8213, Low Slope: 0.8085
2025-04-08 19:43:24 [INFO] 2024-06-27 | High Slope: 0.8136, Low Slope: 0.8136
2025-04-08 19:43:24 [INFO] 2024-06-28 | High Slope: 0.8072, Low Slope: 0.8234
2025-04-08 19:43:24 [INFO] 2024-07-01 | High Slope: 0.8537, Low Slope: 0.8427
2025-04-08 19:43:24 [INFO] 2024-07-02 | High Slope: 0.8722, Low Slope: 0.8736
2025-04-08 19:43:24 [INFO] 2024-07-03 | High Slope: 0.8900, Low Slope: 0.8964
2025-04-08 19:43:24 [INFO] 2024-07-05 | High Slope: 0.9304, Low Slope: 0.9559
2025-04-08 19:43:24 [INFO] 2024-07-08 | High Slope: 0.9814, Low Slope: 1.0212
2025-04-08 19:43:24 [INFO] 2024-07-09 | High Slope: 1.0280, Low Slope: 1.0855
2025-04-08 19:43:24 [INFO] 2024-07-10 | High Slope: 1.0804, Low Slope: 1.1263
2025-04-08 19:43:24 [INFO] 2024-07-11 | High Slope: 1.1309, Low Slope: 1.1755
2025-04-08 19:43:24 [INFO] 2024-07-12 | High Slope: 1.1728, Low Slope: 1.2063
2025-04-08 19:43:24 [INFO] 2024-07-15 | High Slope: 1.1866, Low Slope: 1.2204
2025-04-08 19:43:24 [INFO] 2024-07-16 | High Slope: 1.1768, Low Slope: 1.2079
2025-04-08 19:43:24 [INFO] 2024-07-17 | High Slope: 1.1665, Low Slope: 1.1735
2025-04-08 19:43:24 [INFO] 2024-07-18 | High Slope: 1.1214, Low Slope: 1.1128
2025-04-08 19:43:24 [INFO] 2024-07-19 | High Slope: 1.0544, Low Slope: 1.0129
2025-04-08 19:43:24 [INFO] 2024-07-22 | High Slope: 0.9762, Low Slope: 0.9107
2025-04-08 19:43:24 [INFO] 2024-07-23 | High Slope: 0.9013, Low Slope: 0.8460
2025-04-08 19:43:24 [INFO] 2024-07-24 | High Slope: 0.8363, Low Slope: 0.7859
2025-04-08 19:43:24 [INFO] 2024-07-25 | High Slope: 0.7073, Low Slope: 0.6332
2025-04-08 19:43:24 [INFO] 2024-07-26 | High Slope: 0.5677, Low Slope: 0.4546
2025-04-08 19:43:24 [INFO] 2024-07-29 | High Slope: 0.4695, Low Slope: 0.3549
2025-04-08 19:43:24 [INFO] 2024-07-30 | High Slope: 0.3629, Low Slope: 0.2569
2025-04-08 19:43:24 [INFO] 2024-07-31 | High Slope: 0.2521, Low Slope: 0.1317
2025-04-08 19:43:24 [INFO] 2024-08-01 | High Slope: 0.2169, Low Slope: 0.0762
2025-04-08 19:43:24 [INFO] 2024-08-02 | High Slope: 0.1881, Low Slope: 0.0000
2025-04-08 19:43:24 [INFO] 2024-08-05 | High Slope: 0.0518, Low Slope: -0.1534
2025-04-08 19:43:24 [INFO] 2024-08-06 | High Slope: -0.1838, Low Slope: -0.4203
2025-04-08 19:43:24 [INFO] 2024-08-07 | High Slope: -0.3612, Low Slope: -0.6268
2025-04-08 19:43:24 [INFO] 2024-08-08 | High Slope: -0.5313, Low Slope: -0.8226
2025-04-08 19:43:24 [INFO] 2024-08-09 | High Slope: -0.6902, Low Slope: -0.9793
2025-04-08 19:43:24 [INFO] 2024-08-12 | High Slope: -0.8171, Low Slope: -1.0729
2025-04-08 19:43:24 [INFO] 2024-08-13 | High Slope: -0.9079, Low Slope: -1.1556
2025-04-08 19:43:24 [INFO] 2024-08-14 | High Slope: -0.9806, Low Slope: -1.2018
2025-04-08 19:43:24 [INFO] 2024-08-15 | High Slope: -1.0131, Low Slope: -1.2130
2025-04-08 19:43:24 [INFO] 2024-08-16 | High Slope: -0.9709, Low Slope: -1.1325
2025-04-08 19:43:24 [INFO] 2024-08-19 | High Slope: -0.8968, Low Slope: -1.0201
2025-04-08 19:43:24 [INFO] 2024-08-20 | High Slope: -0.7851, Low Slope: -0.8701
2025-04-08 19:43:24 [INFO] 2024-08-21 | High Slope: -0.6607, Low Slope: -0.6887
2025-04-08 19:43:24 [INFO] 2024-08-22 | High Slope: -0.4991, Low Slope: -0.5161
2025-04-08 19:43:24 [INFO] 2024-08-23 | High Slope: -0.3264, Low Slope: -0.3475
2025-04-08 19:43:24 [INFO] 2024-08-26 | High Slope: -0.1455, Low Slope: -0.1548
2025-04-08 19:43:24 [INFO] 2024-08-27 | High Slope: 0.0490, Low Slope: 0.0661
2025-04-08 19:43:24 [INFO] 2024-08-28 | High Slope: 0.2342, Low Slope: 0.2995
2025-04-08 19:43:24 [INFO] 2024-08-29 | High Slope: 0.3864, Low Slope: 0.4760
2025-04-08 19:43:24 [INFO] 2024-08-30 | High Slope: 0.5443, Low Slope: 0.6247
2025-04-08 19:43:24 [INFO] 2024-09-03 | High Slope: 0.6665, Low Slope: 0.7530
2025-04-08 19:43:24 [INFO] 2024-09-04 | High Slope: 0.7707, Low Slope: 0.8497
2025-04-08 19:43:24 [INFO] 2024-09-05 | High Slope: 0.8417, Low Slope: 0.9621
2025-04-08 19:43:24 [INFO] 2024-09-06 | High Slope: 0.8581, Low Slope: 0.9724
2025-04-08 19:43:24 [INFO] 2024-09-09 | High Slope: 0.8466, Low Slope: 0.9114
2025-04-08 19:43:24 [INFO] 2024-09-10 | High Slope: 0.8066, Low Slope: 0.8978
2025-04-08 19:43:24 [INFO] 2024-09-11 | High Slope: 0.7746, Low Slope: 0.8965
2025-04-08 19:43:24 [INFO] 2024-09-12 | High Slope: 0.7834, Low Slope: 0.8444
2025-04-08 19:43:24 [INFO] 2024-09-13 | High Slope: 0.8565, Low Slope: 0.9352
2025-04-08 19:43:24 [INFO] 2024-09-16 | High Slope: 0.9596, Low Slope: 1.0110
2025-04-08 19:43:24 [INFO] 2024-09-17 | High Slope: 0.9375, Low Slope: 1.0068
2025-04-08 19:43:24 [INFO] 2024-09-18 | High Slope: 0.8344, Low Slope: 0.8693
2025-04-08 19:43:24 [INFO] 2024-09-19 | High Slope: 0.7680, Low Slope: 0.7617
2025-04-08 19:43:24 [INFO] 2024-09-20 | High Slope: 0.7237, Low Slope: 0.6827
2025-04-08 19:43:24 [INFO] 2024-09-23 | High Slope: 0.6476, Low Slope: 0.6001
2025-04-08 19:43:24 [INFO] 2024-09-24 | High Slope: 0.5825, Low Slope: 0.5623
2025-04-08 19:43:24 [INFO] 2024-09-25 | High Slope: 0.5158, Low Slope: 0.5194
2025-04-08 19:43:24 [INFO] 2024-09-26 | High Slope: 0.4807, Low Slope: 0.5044
2025-04-08 19:43:24 [INFO] 2024-09-27 | High Slope: 0.4682, Low Slope: 0.5068
2025-04-08 19:43:24 [INFO] 2024-09-30 | High Slope: 0.4960, Low Slope: 0.5585
2025-04-08 19:43:24 [INFO] 2024-10-01 | High Slope: 0.5263, Low Slope: 0.6012
2025-04-08 19:43:24 [INFO] 2024-10-02 | High Slope: 0.5765, Low Slope: 0.6402
2025-04-08 19:43:24 [INFO] 2024-10-03 | High Slope: 0.6013, Low Slope: 0.6921
2025-04-08 19:43:24 [INFO] 2024-10-04 | High Slope: 0.6294, Low Slope: 0.7233
2025-04-08 19:43:24 [INFO] 2024-10-07 | High Slope: 0.6835, Low Slope: 0.7675
2025-04-08 19:43:24 [INFO] 2024-10-08 | High Slope: 0.7227, Low Slope: 0.8115
2025-04-08 19:43:24 [INFO] 2024-10-09 | High Slope: 0.7746, Low Slope: 0.8812
2025-04-08 19:43:24 [INFO] 2024-10-10 | High Slope: 0.8338, Low Slope: 0.9599
2025-04-08 19:43:24 [INFO] 2024-10-11 | High Slope: 0.8817, Low Slope: 1.0216
2025-04-08 19:43:24 [INFO] 2024-10-14 | High Slope: 0.9533, Low Slope: 1.0977
2025-04-08 19:43:24 [INFO] 2024-10-15 | High Slope: 1.0521, Low Slope: 1.1953
2025-04-08 19:43:24 [INFO] 2024-10-16 | High Slope: 1.1152, Low Slope: 1.2156
2025-04-08 19:43:24 [INFO] 2024-10-17 | High Slope: 1.1100, Low Slope: 1.2247
2025-04-08 19:43:24 [INFO] 2024-10-18 | High Slope: 1.1083, Low Slope: 1.2244
2025-04-08 19:43:24 [INFO] 2024-10-21 | High Slope: 1.0719, Low Slope: 1.1582
2025-04-08 19:43:24 [INFO] 2024-10-22 | High Slope: 0.9898, Low Slope: 1.0816
2025-04-08 19:43:24 [INFO] 2024-10-23 | High Slope: 0.8981, Low Slope: 0.9909
2025-04-08 19:43:24 [INFO] 2024-10-24 | High Slope: 0.8145, Low Slope: 0.8216
2025-04-08 19:43:24 [INFO] 2024-10-25 | High Slope: 0.7356, Low Slope: 0.7374
2025-04-08 19:43:24 [INFO] 2024-10-28 | High Slope: 0.6998, Low Slope: 0.6974
2025-04-08 19:43:24 [INFO] 2024-10-29 | High Slope: 0.6431, Low Slope: 0.6671
2025-04-08 19:43:24 [INFO] 2024-10-30 | High Slope: 0.6019, Low Slope: 0.6197
2025-04-08 19:43:24 [INFO] 2024-10-31 | High Slope: 0.5698, Low Slope: 0.5695
2025-04-08 19:43:24 [INFO] 2024-11-01 | High Slope: 0.5098, Low Slope: 0.4903
2025-04-08 19:43:24 [INFO] 2024-11-04 | High Slope: 0.4349, Low Slope: 0.4162
2025-04-08 19:43:24 [INFO] 2024-11-05 | High Slope: 0.3446, Low Slope: 0.3422
2025-04-08 19:43:24 [INFO] 2024-11-06 | High Slope: 0.2876, Low Slope: 0.2817
2025-04-08 19:43:24 [INFO] 2024-11-07 | High Slope: 0.3292, Low Slope: 0.3243
2025-04-08 19:43:24 [INFO] 2024-11-08 | High Slope: 0.4116, Low Slope: 0.4151
2025-04-08 19:43:24 [INFO] 2024-11-11 | High Slope: 0.5000, Low Slope: 0.5196
2025-04-08 19:43:24 [INFO] 2024-11-12 | High Slope: 0.5817, Low Slope: 0.6020
2025-04-08 19:43:24 [INFO] 2024-11-13 | High Slope: 0.6442, Low Slope: 0.6405
2025-04-08 19:43:24 [INFO] 2024-11-14 | High Slope: 0.6666, Low Slope: 0.6653
2025-04-08 19:43:24 [INFO] 2024-11-15 | High Slope: 0.6663, Low Slope: 0.6636
2025-04-08 19:43:24 [INFO] 2024-11-18 | High Slope: 0.6292, Low Slope: 0.6114
2025-04-08 19:43:24 [INFO] 2024-11-19 | High Slope: 0.5705, Low Slope: 0.5517
2025-04-08 19:43:24 [INFO] 2024-11-20 | High Slope: 0.5265, Low Slope: 0.4952
2025-04-08 19:43:24 [INFO] 2024-11-21 | High Slope: 0.5002, Low Slope: 0.4569
2025-04-08 19:43:24 [INFO] 2024-11-22 | High Slope: 0.4949, Low Slope: 0.4445
2025-04-08 19:43:24 [INFO] 2024-11-25 | High Slope: 0.5074, Low Slope: 0.4727
2025-04-08 19:43:24 [INFO] 2024-11-26 | High Slope: 0.5769, Low Slope: 0.5395
2025-04-08 19:43:24 [INFO] 2024-11-27 | High Slope: 0.6399, Low Slope: 0.6032
2025-04-08 19:43:24 [INFO] 2024-11-29 | High Slope: 0.6785, Low Slope: 0.6562
2025-04-08 19:43:24 [INFO] 2024-12-02 | High Slope: 0.7477, Low Slope: 0.7364
2025-04-08 19:43:24 [INFO] 2024-12-03 | High Slope: 0.8104, Low Slope: 0.8317
2025-04-08 19:43:24 [INFO] 2024-12-04 | High Slope: 0.8601, Low Slope: 0.9038
2025-04-08 19:43:24 [INFO] 2024-12-05 | High Slope: 0.9229, Low Slope: 0.9815
2025-04-08 19:43:24 [INFO] 2024-12-06 | High Slope: 0.9598, Low Slope: 1.0161
2025-04-08 19:43:24 [INFO] 2024-12-09 | High Slope: 0.9774, Low Slope: 1.0560
2025-04-08 19:43:24 [INFO] 2024-12-10 | High Slope: 1.0046, Low Slope: 1.0740
2025-04-08 19:43:24 [INFO] 2024-12-11 | High Slope: 0.9962, Low Slope: 1.0847
2025-04-08 19:43:24 [INFO] 2024-12-12 | High Slope: 0.9958, Low Slope: 1.0931
2025-04-08 19:43:24 [INFO] 2024-12-13 | High Slope: 0.9789, Low Slope: 1.0879
2025-04-08 19:43:24 [INFO] 2024-12-16 | High Slope: 0.8984, Low Slope: 0.9875
2025-04-08 19:43:24 [INFO] 2024-12-17 | High Slope: 0.8077, Low Slope: 0.9023
2025-04-08 19:43:24 [INFO] 2024-12-18 | High Slope: 0.6651, Low Slope: 0.7683
2025-04-08 19:43:24 [INFO] 2024-12-19 | High Slope: 0.5451, Low Slope: 0.5277
2025-04-08 19:43:24 [INFO] 2024-12-20 | High Slope: 0.4301, Low Slope: 0.3821
2025-04-08 19:43:24 [INFO] SUMMARY - Total Trades: 0, Total Profit: $0, Win Rate: 0%
2025-04-08 20:03:44 [INFO] \U0001f680 Testing strategy v2.1 on SPY from 2024-01-01 to 2025-01-01...
2025-04-08 20:03:45 [INFO] 2024-03-14 | High Slope: 0.8916, Low Slope: 0.8872
2025-04-08 20:03:45 [INFO] 2024-03-15 | High Slope: 0.8630, Low Slope: 0.8371
2025-04-08 20:03:45 [INFO] 2024-03-18 | High Slope: 0.7987, Low Slope: 0.7673
2025-04-08 20:03:45 [INFO] 2024-03-19 | High Slope: 0.7942, Low Slope: 0.7510
2025-04-08 20:03:45 [INFO] 2024-03-20 | High Slope: 0.7726, Low Slope: 0.7218
2025-04-08 20:03:45 [INFO] 2024-03-21 | High Slope: 0.7697, Low Slope: 0.7203
2025-04-08 20:03:45 [INFO] 2024-03-22 | High Slope: 0.8055, Low Slope: 0.7740
2025-04-08 20:03:45 [INFO] 2024-03-25 | High Slope: 0.8210, Low Slope: 0.8222
2025-04-08 20:03:45 [INFO] 2024-03-26 | High Slope: 0.8347, Low Slope: 0.8591
2025-04-08 20:03:45 [INFO] 2024-03-27 | High Slope: 0.8558, Low Slope: 0.8902
2025-04-08 20:03:45 [INFO] 2024-03-28 | High Slope: 0.8352, Low Slope: 0.8549
2025-04-08 20:03:45 [INFO] 2024-04-01 | High Slope: 0.8247, Low Slope: 0.8523
2025-04-08 20:03:45 [INFO] 2024-04-02 | High Slope: 0.8222, Low Slope: 0.8548
2025-04-08 20:03:45 [INFO] 2024-04-03 | High Slope: 0.7793, Low Slope: 0.8180
2025-04-08 20:03:45 [INFO] 2024-04-04 | High Slope: 0.7110, Low Slope: 0.7511
2025-04-08 20:03:45 [INFO] 2024-04-05 | High Slope: 0.6437, Low Slope: 0.6361
2025-04-08 20:03:45 [INFO] 2024-04-08 | High Slope: 0.6176, Low Slope: 0.5841
2025-04-08 20:03:45 [INFO] 2024-04-09 | High Slope: 0.5951, Low Slope: 0.5790
2025-04-08 20:03:45 [INFO] 2024-04-10 | High Slope: 0.5618, Low Slope: 0.5375
2025-04-08 20:03:45 [INFO] 2024-04-11 | High Slope: 0.4824, Low Slope: 0.4696
2025-04-08 20:03:45 [INFO] 2024-04-12 | High Slope: 0.4175, Low Slope: 0.3992
2025-04-08 20:03:45 [INFO] 2024-04-15 | High Slope: 0.3426, Low Slope: 0.3086
2025-04-08 20:03:45 [INFO] 2024-04-16 | High Slope: 0.2852, Low Slope: 0.2023
2025-04-08 20:03:45 [INFO] 2024-04-17 | High Slope: 0.1763, Low Slope: 0.1122
2025-04-08 20:03:45 [INFO] 2024-04-18 | High Slope: 0.0445, Low Slope: -0.0421
2025-04-08 20:03:45 [INFO] 2024-04-19 | High Slope: -0.0901, Low Slope: -0.1744
2025-04-08 20:08:44 [INFO] \U0001f680 Testing strategy v2.1 on SPY from 2024-01-01 to 2025-01-01...
2025-04-08 20:08:44 [INFO] 2024-03-14 | High Slope: 0.8916, Low Slope: 0.8872
2025-04-08 20:08:44 [INFO] 2024-03-15 | High Slope: 0.8630, Low Slope: 0.8371
2025-04-08 20:08:44 [INFO] 2024-03-18 | High Slope: 0.7987, Low Slope: 0.7673
2025-04-08 20:08:44 [INFO] 2024-03-19 | High Slope: 0.7942, Low Slope: 0.7510
2025-04-08 20:08:44 [INFO] 2024-03-20 | High Slope: 0.7726, Low Slope: 0.7218
2025-04-08 20:08:44 [INFO] 2024-03-21 | High Slope: 0.7697, Low Slope: 0.7203
2025-04-08 20:08:44 [INFO] 2024-03-22 | High Slope: 0.8055, Low Slope: 0.7740
2025-04-08 20:08:44 [INFO] 2024-03-25 | High Slope: 0.8210, Low Slope: 0.8222
2025-04-08 20:08:44 [INFO] 2024-03-26 | High Slope: 0.8347, Low Slope: 0.8591
2025-04-08 20:08:44 [INFO] 2024-03-27 | High Slope: 0.8558, Low Slope: 0.8902
2025-04-08 20:08:44 [INFO] 2024-03-28 | High Slope: 0.8352, Low Slope: 0.8549
2025-04-08 20:08:44 [INFO] 2024-04-01 | High Slope: 0.8247, Low Slope: 0.8523
2025-04-08 20:08:44 [INFO] 2024-04-02 | High Slope: 0.8222, Low Slope: 0.8548
2025-04-08 20:08:44 [INFO] 2024-04-03 | High Slope: 0.7793, Low Slope: 0.8180
2025-04-08 20:08:44 [INFO] 2024-04-04 | High Slope: 0.7110, Low Slope: 0.7511
2025-04-08 20:08:44 [INFO] 2024-04-05 | High Slope: 0.6437, Low Slope: 0.6361
2025-04-08 20:08:44 [INFO] 2024-04-08 | High Slope: 0.6176, Low Slope: 0.5841
2025-04-08 20:08:44 [INFO] 2024-04-09 | High Slope: 0.5951, Low Slope: 0.5790
2025-04-08 20:08:44 [INFO] 2024-04-10 | High Slope: 0.5618, Low Slope: 0.5375
2025-04-08 20:08:44 [INFO] 2024-04-11 | High Slope: 0.4824, Low Slope: 0.4696
2025-04-08 20:08:44 [INFO] 2024-04-12 | High Slope: 0.4175, Low Slope: 0.3992
2025-04-08 20:08:44 [INFO] 2024-04-15 | High Slope: 0.3426, Low Slope: 0.3086
2025-04-08 20:08:44 [INFO] 2024-04-16 | High Slope: 0.2852, Low Slope: 0.2023
2025-04-08 20:08:44 [INFO] 2024-04-17 | High Slope: 0.1763, Low Slope: 0.1122
2025-04-08 20:08:44 [INFO] 2024-04-18 | High Slope: 0.0445, Low Slope: -0.0421
2025-04-08 20:08:44 [INFO] 2024-04-19 | High Slope: -0.0901, Low Slope: -0.1744
2025-04-08 20:08:44 [INFO] 2024-04-22 | High Slope: -0.2192, Low Slope: -0.3234
2025-04-08 20:08:44 [INFO] 2024-04-23 | High Slope: -0.3143, Low Slope: -0.4472
2025-04-08 20:08:44 [INFO] 2024-04-24 | High Slope: -0.4225, Low Slope: -0.5566
2025-04-08 20:08:44 [INFO] 2024-04-25 | High Slope: -0.4834, Low Slope: -0.6237
2025-04-08 20:08:44 [INFO] 2024-04-26 | High Slope: -0.5609, Low Slope: -0.6994
2025-04-08 20:08:44 [INFO] 2024-04-29 | High Slope: -0.5988, Low Slope: -0.7342
2025-04-08 20:08:44 [INFO] 2024-04-30 | High Slope: -0.6547, Low Slope: -0.7715
2025-04-08 20:08:44 [INFO] 2024-05-01 | High Slope: -0.6920, Low Slope: -0.8126
2025-04-08 20:08:44 [INFO] 2024-05-02 | High Slope: -0.7319, Low Slope: -0.8715
2025-04-08 20:08:44 [INFO] 2024-05-03 | High Slope: -0.7516, Low Slope: -0.9006
2025-04-08 20:08:44 [INFO] 2024-05-06 | High Slope: -0.6986, Low Slope: -0.8189
2025-04-08 20:08:44 [INFO] 2024-05-07 | High Slope: -0.6249, Low Slope: -0.7076
2025-04-08 20:08:44 [INFO] 2024-05-08 | High Slope: -0.5473, Low Slope: -0.5820
2025-04-08 20:08:44 [INFO] 2024-05-09 | High Slope: -0.4698, Low Slope: -0.4717
2025-04-08 20:08:44 [INFO] 2024-05-10 | High Slope: -0.3637, Low Slope: -0.3425
2025-04-08 20:08:44 [INFO] 2024-05-13 | High Slope: -0.2312, Low Slope: -0.1714
2025-04-08 20:08:44 [INFO] 2024-05-14 | High Slope: -0.0993, Low Slope: -0.0102
2025-04-08 20:08:44 [INFO] 2024-05-15 | High Slope: 0.0040, Low Slope: 0.1262
2025-04-08 20:08:44 [INFO] 2024-05-16 | High Slope: 0.1584, Low Slope: 0.2983
2025-04-08 20:08:44 [INFO] 2024-05-17 | High Slope: 0.3379, Low Slope: 0.4551
2025-04-08 20:08:44 [INFO] 2024-05-20 | High Slope: 0.4778, Low Slope: 0.6057
2025-04-08 20:08:44 [INFO] 2024-05-21 | High Slope: 0.6251, Low Slope: 0.7886
2025-04-08 20:08:44 [INFO] 2024-05-22 | High Slope: 0.7709, Low Slope: 0.9419
2025-04-08 20:08:44 [INFO] 2024-05-23 | High Slope: 0.8799, Low Slope: 1.0639
2025-04-08 20:08:44 [INFO] 2024-05-24 | High Slope: 1.0155, Low Slope: 1.1607
2025-04-08 20:08:44 [INFO] 2024-05-28 | High Slope: 1.1025, Low Slope: 1.2453
2025-04-08 20:08:44 [INFO] 2024-05-29 | High Slope: 1.1810, Low Slope: 1.2861
2025-04-08 20:08:44 [INFO] 2024-05-30 | High Slope: 1.1726, Low Slope: 1.2961
2025-04-08 20:08:44 [INFO] 2024-05-31 | High Slope: 1.1397, Low Slope: 1.2491
2025-04-08 20:08:44 [INFO] 2024-06-03 | High Slope: 1.0988, Low Slope: 1.1697
2025-04-08 20:08:44 [INFO] 2024-06-04 | High Slope: 1.0342, Low Slope: 1.0766
2025-04-08 20:08:44 [INFO] 2024-06-05 | High Slope: 0.9690, Low Slope: 0.9966
2025-04-08 20:08:44 [INFO] 2024-06-06 | High Slope: 0.9526, Low Slope: 0.9555
2025-04-08 20:08:44 [INFO] 2024-06-07 | High Slope: 0.9371, Low Slope: 0.9513
2025-04-08 20:08:44 [INFO] 2024-06-10 | High Slope: 0.8974, Low Slope: 0.8948
2025-04-08 20:08:44 [INFO] 2024-06-11 | High Slope: 0.8759, Low Slope: 0.8790
2025-04-08 20:08:44 [INFO] 2024-06-12 | High Slope: 0.8553, Low Slope: 0.8587
2025-04-08 20:08:44 [INFO] 2024-06-13 | High Slope: 0.8604, Low Slope: 0.8441
2025-04-08 20:08:44 [INFO] 2024-06-14 | High Slope: 0.8359, Low Slope: 0.7938
2025-04-08 20:08:44 [INFO] 2024-06-17 | High Slope: 0.7770, Low Slope: 0.7255
2025-04-08 20:08:44 [INFO] 2024-06-18 | High Slope: 0.7837, Low Slope: 0.7121
2025-04-08 20:08:44 [INFO] 2024-06-20 | High Slope: 0.8028, Low Slope: 0.7490
2025-04-08 20:08:44 [INFO] 2024-06-21 | High Slope: 0.8308, Low Slope: 0.7829
2025-04-08 20:08:44 [INFO] 2024-06-24 | High Slope: 0.8219, Low Slope: 0.7926
2025-04-08 20:08:44 [INFO] 2024-06-25 | High Slope: 0.8252, Low Slope: 0.7974
2025-04-08 20:08:44 [INFO] 2024-06-26 | High Slope: 0.8213, Low Slope: 0.8085
2025-04-08 20:08:44 [INFO] 2024-06-27 | High Slope: 0.8136, Low Slope: 0.8136
2025-04-08 20:08:44 [INFO] 2024-06-28 | High Slope: 0.8072, Low Slope: 0.8234
2025-04-08 20:08:44 [INFO] 2024-07-01 | High Slope: 0.8537, Low Slope: 0.8427
2025-04-08 20:08:44 [INFO] 2024-07-02 | High Slope: 0.8722, Low Slope: 0.8736
2025-04-08 20:08:44 [INFO] 2024-07-03 | High Slope: 0.8900, Low Slope: 0.8964
2025-04-08 20:08:44 [INFO] 2024-07-05 | High Slope: 0.9304, Low Slope: 0.9559
2025-04-08 20:08:44 [INFO] 2024-07-08 | High Slope: 0.9814, Low Slope: 1.0212
2025-04-08 20:08:44 [INFO] 2024-07-09 | High Slope: 1.0280, Low Slope: 1.0855
2025-04-08 20:08:44 [INFO] 2024-07-10 | High Slope: 1.0804, Low Slope: 1.1263
2025-04-08 20:08:44 [INFO] 2024-07-11 | High Slope: 1.1309, Low Slope: 1.1755
2025-04-08 20:08:44 [INFO] 2024-07-12 | High Slope: 1.1728, Low Slope: 1.2063
2025-04-08 20:08:44 [INFO] 2024-07-15 | High Slope: 1.1866, Low Slope: 1.2204
2025-04-08 20:08:44 [INFO] 2024-07-16 | High Slope: 1.1768, Low Slope: 1.2079
2025-04-08 20:08:44 [INFO] 2024-07-17 | High Slope: 1.1665, Low Slope: 1.1735
2025-04-08 20:08:44 [INFO] 2024-07-18 | High Slope: 1.1214, Low Slope: 1.1128
2025-04-08 20:08:44 [INFO] 2024-07-19 | High Slope: 1.0544, Low Slope: 1.0129
2025-04-08 20:08:44 [INFO] 2024-07-22 | High Slope: 0.9762, Low Slope: 0.9107
2025-04-08 20:08:44 [INFO] 2024-07-23 | High Slope: 0.9013, Low Slope: 0.8460
2025-04-08 20:08:44 [INFO] 2024-07-24 | High Slope: 0.8363, Low Slope: 0.7859
2025-04-08 20:08:44 [INFO] 2024-07-25 | High Slope: 0.7073, Low Slope: 0.6332
2025-04-08 20:08:44 [INFO] 2024-07-26 | High Slope: 0.5677, Low Slope: 0.4546
2025-04-08 20:08:44 [INFO] 2024-07-29 | High Slope: 0.4695, Low Slope: 0.3549
2025-04-08 20:08:44 [INFO] 2024-07-30 | High Slope: 0.3629, Low Slope: 0.2569
2025-04-08 20:08:44 [INFO] 2024-07-31 | High Slope: 0.2521, Low Slope: 0.1317
2025-04-08 20:08:44 [INFO] 2024-08-01 | High Slope: 0.2169, Low Slope: 0.0762
2025-04-08 20:08:44 [INFO] 2024-08-02 | High Slope: 0.1881, Low Slope: 0.0000
2025-04-08 20:08:44 [INFO] 2024-08-05 | High Slope: 0.0518, Low Slope: -0.1534
2025-04-08 20:08:44 [INFO] 2024-08-06 | High Slope: -0.1838, Low Slope: -0.4203
2025-04-08 20:08:44 [INFO] 2024-08-07 | High Slope: -0.3612, Low Slope: -0.6268
2025-04-08 20:08:44 [INFO] 2024-08-08 | High Slope: -0.5313, Low Slope: -0.8226
2025-04-08 20:08:44 [INFO] 2024-08-09 | High Slope: -0.6902, Low Slope: -0.9793
2025-04-08 20:08:44 [INFO] 2024-08-12 | High Slope: -0.8171, Low Slope: -1.0729
2025-04-08 20:08:44 [INFO] 2024-08-13 | High Slope: -0.9079, Low Slope: -1.1556
2025-04-08 20:08:44 [INFO] 2024-08-14 | High Slope: -0.9806, Low Slope: -1.2018
2025-04-08 20:08:44 [INFO] 2024-08-15 | High Slope: -1.0131, Low Slope: -1.2130
2025-04-08 20:08:44 [INFO] 2024-08-16 | High Slope: -0.9709, Low Slope: -1.1325
2025-04-08 20:08:44 [INFO] 2024-08-19 | High Slope: -0.8968, Low Slope: -1.0201
2025-04-08 20:08:44 [INFO] 2024-08-20 | High Slope: -0.7851, Low Slope: -0.8701
2025-04-08 20:08:44 [INFO] 2024-08-21 | High Slope: -0.6607, Low Slope: -0.6887
2025-04-08 20:08:44 [INFO] 2024-08-22 | High Slope: -0.4991, Low Slope: -0.5161
2025-04-08 20:08:44 [INFO] 2024-08-23 | High Slope: -0.3264, Low Slope: -0.3475
2025-04-08 20:08:44 [INFO] 2024-08-26 | High Slope: -0.1455, Low Slope: -0.1548
2025-04-08 20:08:44 [INFO] 2024-08-27 | High Slope: 0.0490, Low Slope: 0.0661
2025-04-08 20:08:44 [INFO] 2024-08-28 | High Slope: 0.2342, Low Slope: 0.2995
2025-04-08 20:08:44 [INFO] 2024-08-29 | High Slope: 0.3864, Low Slope: 0.4760
2025-04-08 20:08:44 [INFO] 2024-08-30 | High Slope: 0.5443, Low Slope: 0.6247
2025-04-08 20:08:44 [INFO] 2024-09-03 | High Slope: 0.6665, Low Slope: 0.7530
2025-04-08 20:08:45 [INFO] 2024-09-04 | High Slope: 0.7707, Low Slope: 0.8497
2025-04-08 20:08:45 [INFO] 2024-09-05 | High Slope: 0.8417, Low Slope: 0.9621
2025-04-08 20:08:45 [INFO] 2024-09-06 | High Slope: 0.8581, Low Slope: 0.9724
2025-04-08 20:08:45 [INFO] 2024-09-09 | High Slope: 0.8466, Low Slope: 0.9114
2025-04-08 20:08:45 [INFO] 2024-09-10 | High Slope: 0.8066, Low Slope: 0.8978
2025-04-08 20:08:45 [INFO] 2024-09-11 | High Slope: 0.7746, Low Slope: 0.8965
2025-04-08 20:08:45 [INFO] 2024-09-12 | High Slope: 0.7834, Low Slope: 0.8444
2025-04-08 20:08:45 [INFO] 2024-09-13 | High Slope: 0.8565, Low Slope: 0.9352
2025-04-08 20:08:45 [INFO] 2024-09-16 | High Slope: 0.9596, Low Slope: 1.0110
2025-04-08 20:08:45 [INFO] 2024-09-17 | High Slope: 0.9375, Low Slope: 1.0068
2025-04-08 20:08:45 [INFO] 2024-09-18 | High Slope: 0.8344, Low Slope: 0.8693
2025-04-08 20:08:45 [INFO] 2024-09-19 | High Slope: 0.7680, Low Slope: 0.7617
2025-04-08 20:08:45 [INFO] 2024-09-20 | High Slope: 0.7237, Low Slope: 0.6827
2025-04-08 20:08:45 [INFO] 2024-09-23 | High Slope: 0.6476, Low Slope: 0.6001
2025-04-08 20:08:45 [INFO] 2024-09-24 | High Slope: 0.5825, Low Slope: 0.5623
2025-04-08 20:08:45 [INFO] 2024-09-25 | High Slope: 0.5158, Low Slope: 0.5194
2025-04-08 20:08:45 [INFO] 2024-09-26 | High Slope: 0.4807, Low Slope: 0.5044
2025-04-08 20:08:45 [INFO] 2024-09-27 | High Slope: 0.4682, Low Slope: 0.5068
2025-04-08 20:08:45 [INFO] 2024-09-30 | High Slope: 0.4960, Low Slope: 0.5585
2025-04-08 20:08:45 [INFO] 2024-10-01 | High Slope: 0.5263, Low Slope: 0.6012
2025-04-08 20:08:45 [INFO] 2024-10-02 | High Slope: 0.5765, Low Slope: 0.6402
2025-04-08 20:08:45 [INFO] 2024-10-03 | High Slope: 0.6013, Low Slope: 0.6921
2025-04-08 20:08:45 [INFO] 2024-10-04 | High Slope: 0.6294, Low Slope: 0.7233
2025-04-08 20:08:45 [INFO] 2024-10-07 | High Slope: 0.6835, Low Slope: 0.7675
2025-04-08 20:08:45 [INFO] 2024-10-08 | High Slope: 0.7227, Low Slope: 0.8115
2025-04-08 20:08:45 [INFO] 2024-10-09 | High Slope: 0.7746, Low Slope: 0.8812
2025-04-08 20:08:45 [INFO] 2024-10-10 | High Slope: 0.8338, Low Slope: 0.9599
2025-04-08 20:08:45 [INFO] 2024-10-11 | High Slope: 0.8817, Low Slope: 1.0216
2025-04-08 20:08:45 [INFO] 2024-10-14 | High Slope: 0.9533, Low Slope: 1.0977
2025-04-08 20:08:45 [INFO] 2024-10-15 | High Slope: 1.0521, Low Slope: 1.1953
2025-04-08 20:08:45 [INFO] 2024-10-16 | High Slope: 1.1152, Low Slope: 1.2156
2025-04-08 20:08:45 [INFO] 2024-10-17 | High Slope: 1.1100, Low Slope: 1.2247
2025-04-08 20:08:45 [INFO] 2024-10-18 | High Slope: 1.1083, Low Slope: 1.2244
2025-04-08 20:08:45 [INFO] 2024-10-21 | High Slope: 1.0719, Low Slope: 1.1582
2025-04-08 20:08:45 [INFO] 2024-10-22 | High Slope: 0.9898, Low Slope: 1.0816
2025-04-08 20:08:45 [INFO] 2024-10-23 | High Slope: 0.8981, Low Slope: 0.9909
2025-04-08 20:08:45 [INFO] 2024-10-24 | High Slope: 0.8145, Low Slope: 0.8216
2025-04-08 20:08:45 [INFO] 2024-10-25 | High Slope: 0.7356, Low Slope: 0.7374
2025-04-08 20:08:45 [INFO] 2024-10-28 | High Slope: 0.6998, Low Slope: 0.6974
2025-04-08 20:08:45 [INFO] 2024-10-29 | High Slope: 0.6431, Low Slope: 0.6671
2025-04-08 20:08:45 [INFO] 2024-10-30 | High Slope: 0.6019, Low Slope: 0.6197
2025-04-08 20:08:45 [INFO] 2024-10-31 | High Slope: 0.5698, Low Slope: 0.5695
2025-04-08 20:08:45 [INFO] 2024-11-01 | High Slope: 0.5098, Low Slope: 0.4903
2025-04-08 20:08:45 [INFO] 2024-11-04 | High Slope: 0.4349, Low Slope: 0.4162
2025-04-08 20:08:45 [INFO] 2024-11-05 | High Slope: 0.3446, Low Slope: 0.3422
2025-04-08 20:08:45 [INFO] 2024-11-06 | High Slope: 0.2876, Low Slope: 0.2817
2025-04-08 20:08:45 [INFO] 2024-11-07 | High Slope: 0.3292, Low Slope: 0.3243
2025-04-08 20:08:45 [INFO] 2024-11-08 | High Slope: 0.4116, Low Slope: 0.4151
2025-04-08 20:08:45 [INFO] 2024-11-11 | High Slope: 0.5000, Low Slope: 0.5196
2025-04-08 20:08:45 [INFO] 2024-11-12 | High Slope: 0.5817, Low Slope: 0.6020
2025-04-08 20:08:45 [INFO] 2024-11-13 | High Slope: 0.6442, Low Slope: 0.6405
2025-04-08 20:08:45 [INFO] 2024-11-14 | High Slope: 0.6666, Low Slope: 0.6653
2025-04-08 20:08:45 [INFO] 2024-11-15 | High Slope: 0.6663, Low Slope: 0.6636
2025-04-08 20:08:45 [INFO] 2024-11-18 | High Slope: 0.6292, Low Slope: 0.6114
2025-04-08 20:08:45 [INFO] 2024-11-19 | High Slope: 0.5705, Low Slope: 0.5517
2025-04-08 20:08:45 [INFO] 2024-11-20 | High Slope: 0.5265, Low Slope: 0.4952
2025-04-08 20:08:45 [INFO] 2024-11-21 | High Slope: 0.5002, Low Slope: 0.4569
2025-04-08 20:08:45 [INFO] 2024-11-22 | High Slope: 0.4949, Low Slope: 0.4445
2025-04-08 20:08:45 [INFO] 2024-11-25 | High Slope: 0.5074, Low Slope: 0.4727
2025-04-08 20:08:45 [INFO] 2024-11-26 | High Slope: 0.5769, Low Slope: 0.5395
2025-04-08 20:08:45 [INFO] 2024-11-27 | High Slope: 0.6399, Low Slope: 0.6032
2025-04-08 20:08:45 [INFO] 2024-11-29 | High Slope: 0.6785, Low Slope: 0.6562
2025-04-08 20:08:45 [INFO] 2024-12-02 | High Slope: 0.7477, Low Slope: 0.7364
2025-04-08 20:08:45 [INFO] 2024-12-03 | High Slope: 0.8104, Low Slope: 0.8317
2025-04-08 20:08:45 [INFO] 2024-12-04 | High Slope: 0.8601, Low Slope: 0.9038
2025-04-08 20:08:45 [INFO] 2024-12-05 | High Slope: 0.9229, Low Slope: 0.9815
2025-04-08 20:08:45 [INFO] 2024-12-06 | High Slope: 0.9598, Low Slope: 1.0161
2025-04-08 20:08:45 [INFO] 2024-12-09 | High Slope: 0.9774, Low Slope: 1.0560
2025-04-08 20:08:45 [INFO] 2024-12-10 | High Slope: 1.0046, Low Slope: 1.0740
2025-04-08 20:08:45 [INFO] 2024-12-11 | High Slope: 0.9962, Low Slope: 1.0847
2025-04-08 20:08:45 [INFO] 2024-12-12 | High Slope: 0.9958, Low Slope: 1.0931
2025-04-08 20:08:45 [INFO] 2024-12-13 | High Slope: 0.9789, Low Slope: 1.0879
2025-04-08 20:08:45 [INFO] 2024-12-16 | High Slope: 0.8984, Low Slope: 0.9875
2025-04-08 20:08:45 [INFO] 2024-12-17 | High Slope: 0.8077, Low Slope: 0.9023
2025-04-08 20:08:45 [INFO] 2024-12-18 | High Slope: 0.6651, Low Slope: 0.7683
2025-04-08 20:08:45 [INFO] 2024-12-19 | High Slope: 0.5451, Low Slope: 0.5277
2025-04-08 20:08:45 [INFO] 2024-12-20 | High Slope: 0.4301, Low Slope: 0.3821
2025-04-08 20:08:45 [INFO] SUMMARY - Total Trades: 0, Total Profit: $0, Win Rate: 0%
2025-04-08 20:16:42 [INFO] \U0001f680 Testing strategy v2.1 on SPY from 2024-01-01 to 2025-01-01...
2025-04-08 20:16:42 [INFO] 2024-03-14 | High Slope: 0.8916, Low Slope: 0.8872
2025-04-08 20:16:42 [INFO] 2024-03-15 | High Slope: 0.8630, Low Slope: 0.8371
2025-04-08 20:16:42 [INFO] 2024-03-18 | High Slope: 0.7987, Low Slope: 0.7673
2025-04-08 20:16:42 [INFO] 2024-03-19 | High Slope: 0.7942, Low Slope: 0.7510
2025-04-08 20:16:42 [INFO] 2024-03-20 | High Slope: 0.7726, Low Slope: 0.7218
2025-04-08 20:16:42 [INFO] 2024-03-21 | High Slope: 0.7697, Low Slope: 0.7203
2025-04-08 20:16:42 [INFO] 2024-03-22 | High Slope: 0.8055, Low Slope: 0.7740
2025-04-08 20:16:42 [INFO] 2024-03-25 | High Slope: 0.8210, Low Slope: 0.8222
2025-04-08 20:16:42 [INFO] 2024-03-26 | High Slope: 0.8347, Low Slope: 0.8591
2025-04-08 20:16:42 [INFO] 2024-03-27 | High Slope: 0.8558, Low Slope: 0.8902
2025-04-08 20:16:42 [INFO] 2024-03-28 | High Slope: 0.8352, Low Slope: 0.8549
2025-04-08 20:16:42 [INFO] 2024-04-01 | High Slope: 0.8247, Low Slope: 0.8523
2025-04-08 20:16:42 [INFO] 2024-04-02 | High Slope: 0.8222, Low Slope: 0.8548
2025-04-08 20:16:42 [INFO] 2024-04-03 | High Slope: 0.7793, Low Slope: 0.8180
2025-04-08 20:16:42 [INFO] 2024-04-04 | High Slope: 0.7110, Low Slope: 0.7511
2025-04-08 20:16:42 [INFO] 2024-04-05 | High Slope: 0.6437, Low Slope: 0.6361
2025-04-08 20:16:42 [INFO] 2024-04-08 | High Slope: 0.6176, Low Slope: 0.5841
2025-04-08 20:16:42 [INFO] 2024-04-09 | High Slope: 0.5951, Low Slope: 0.5790
2025-04-08 20:16:42 [INFO] 2024-04-10 | High Slope: 0.5618, Low Slope: 0.5375
2025-04-08 20:16:42 [INFO] 2024-04-11 | High Slope: 0.4824, Low Slope: 0.4696
2025-04-08 20:16:42 [INFO] 2024-04-12 | High Slope: 0.4175, Low Slope: 0.3992
2025-04-08 20:16:42 [INFO] 2024-04-15 | High Slope: 0.3426, Low Slope: 0.3086
2025-04-08 20:16:42 [INFO] 2024-04-16 | High Slope: 0.2852, Low Slope: 0.2023
2025-04-08 20:16:42 [INFO] 2024-04-17 | High Slope: 0.1763, Low Slope: 0.1122
2025-04-08 20:16:42 [INFO] 2024-04-18 | High Slope: 0.0445, Low Slope: -0.0421
2025-04-08 20:16:42 [INFO] 2024-04-19 | High Slope: -0.0901, Low Slope: -0.1744
2025-04-08 20:16:42 [INFO] TRADE - Entry Date: 2024-04-19, Entry: 488.94, Exit: 501.87, Profit: 25.88
2025-04-08 20:16:42 [INFO] 2024-04-22 | High Slope: -0.2192, Low Slope: -0.3234
2025-04-08 20:16:42 [INFO] TRADE - Entry Date: 2024-04-22, Entry: 493.44, Exit: 503.65, Profit: 20.42
2025-04-08 20:16:42 [INFO] 2024-04-23 | High Slope: -0.3143, Low Slope: -0.4472
2025-04-08 20:16:42 [INFO] TRADE - Entry Date: 2024-04-23, Entry: 499.3, Exit: 495.67, Profit: -7.24
2025-04-08 20:16:42 [INFO] 2024-04-24 | High Slope: -0.4225, Low Slope: -0.5566
2025-04-08 20:16:42 [INFO] TRADE - Entry Date: 2024-04-24, Entry: 499.06, Exit: 494.06, Profit: -10.0
2025-04-08 20:16:42 [INFO] 2024-04-25 | High Slope: -0.4834, Low Slope: -0.6237
2025-04-08 20:16:42 [INFO] TRADE - Entry Date: 2024-04-25, Entry: 497.16, Exit: 498.68, Profit: 3.04
2025-04-08 20:16:42 [INFO] 2024-04-26 | High Slope: -0.5609, Low Slope: -0.6994
2025-04-08 20:16:42 [INFO] TRADE - Entry Date: 2024-04-26, Entry: 501.87, Exit: 504.86, Profit: 5.98
2025-04-08 20:16:42 [INFO] 2024-04-29 | High Slope: -0.5988, Low Slope: -0.7342
2025-04-08 20:16:42 [INFO] TRADE - Entry Date: 2024-04-29, Entry: 503.65, Exit: 510.08, Profit: 12.86
2025-04-08 20:16:42 [INFO] 2024-04-30 | High Slope: -0.6547, Low Slope: -0.7715
2025-04-08 20:16:42 [INFO] TRADE - Entry Date: 2024-04-30, Entry: 495.67, Exit: 510.64, Profit: 29.94
2025-04-08 20:16:42 [INFO] 2024-05-01 | High Slope: -0.6920, Low Slope: -0.8126
2025-04-08 20:16:42 [INFO] TRADE - Entry Date: 2024-05-01, Entry: 494.06, Exit: 510.69, Profit: 33.26
2025-04-08 20:16:42 [INFO] 2024-05-02 | High Slope: -0.7319, Low Slope: -0.8715
2025-04-08 20:16:42 [INFO] TRADE - Entry Date: 2024-05-02, Entry: 498.68, Exit: 513.63, Profit: 29.9
2025-04-08 20:16:42 [INFO] 2024-05-03 | High Slope: -0.7516, Low Slope: -0.9006
2025-04-08 20:16:42 [INFO] TRADE - Entry Date: 2024-05-03, Entry: 504.86, Exit: 514.29, Profit: 18.86
2025-04-08 20:16:42 [INFO] 2024-05-06 | High Slope: -0.6986, Low Slope: -0.8189
2025-04-08 20:16:42 [INFO] TRADE - Entry Date: 2024-05-06, Entry: 510.08, Exit: 514.36, Profit: 8.58
2025-04-08 20:16:42 [INFO] 2024-05-07 | High Slope: -0.6249, Low Slope: -0.7076
2025-04-08 20:16:42 [INFO] TRADE - Entry Date: 2024-05-07, Entry: 510.64, Exit: 516.72, Profit: 12.16
2025-04-08 20:16:42 [INFO] 2024-05-08 | High Slope: -0.5473, Low Slope: -0.5820
2025-04-08 20:16:42 [INFO] TRADE - Entry Date: 2024-05-08, Entry: 510.69, Exit: 523.12, Profit: 24.86
2025-04-08 20:16:42 [INFO] 2024-05-09 | High Slope: -0.4698, Low Slope: -0.4717
2025-04-08 20:16:42 [INFO] TRADE - Entry Date: 2024-05-09, Entry: 513.63, Exit: 522.05, Profit: 16.82
2025-04-08 20:16:42 [INFO] 2024-05-10 | High Slope: -0.3637, Low Slope: -0.3425
2025-04-08 20:16:42 [INFO] TRADE - Entry Date: 2024-05-10, Entry: 514.29, Exit: 522.8, Profit: 17.0
2025-04-08 20:16:42 [INFO] 2024-05-13 | High Slope: -0.2312, Low Slope: -0.1714
2025-04-08 20:16:42 [INFO] TRADE - Entry Date: 2024-05-13, Entry: 514.36, Exit: 523.4, Profit: 18.08
2025-04-08 20:16:42 [INFO] 2024-05-14 | High Slope: -0.0993, Low Slope: -0.0102
2025-04-08 20:16:42 [INFO] TRADE - Entry Date: 2024-05-14, Entry: 516.72, Exit: 524.68, Profit: 15.92
2025-04-08 20:16:42 [INFO] 2024-05-15 | High Slope: 0.0040, Low Slope: 0.1262
2025-04-08 20:16:42 [INFO] 2024-05-16 | High Slope: 0.1584, Low Slope: 0.2983
2025-04-08 20:16:42 [INFO] 2024-05-17 | High Slope: 0.3379, Low Slope: 0.4551
2025-04-08 20:16:42 [INFO] 2024-05-20 | High Slope: 0.4778, Low Slope: 0.6057
2025-04-08 20:16:42 [INFO] 2024-05-21 | High Slope: 0.6251, Low Slope: 0.7886
2025-04-08 20:16:42 [INFO] 2024-05-22 | High Slope: 0.7709, Low Slope: 0.9419
2025-04-08 20:16:42 [INFO] 2024-05-23 | High Slope: 0.8799, Low Slope: 1.0639
2025-04-08 20:16:42 [INFO] 2024-05-24 | High Slope: 1.0155, Low Slope: 1.1607
2025-04-08 20:16:42 [INFO] 2024-05-28 | High Slope: 1.1025, Low Slope: 1.2453
2025-04-08 20:16:42 [INFO] 2024-05-29 | High Slope: 1.1810, Low Slope: 1.2861
2025-04-08 20:16:42 [INFO] 2024-05-30 | High Slope: 1.1726, Low Slope: 1.2961
2025-04-08 20:16:42 [INFO] 2024-05-31 | High Slope: 1.1397, Low Slope: 1.2491
2025-04-08 20:16:42 [INFO] 2024-06-03 | High Slope: 1.0988, Low Slope: 1.1697
2025-04-08 20:16:42 [INFO] 2024-06-04 | High Slope: 1.0342, Low Slope: 1.0766
2025-04-08 20:16:42 [INFO] 2024-06-05 | High Slope: 0.9690, Low Slope: 0.9966
2025-04-08 20:16:42 [INFO] 2024-06-06 | High Slope: 0.9526, Low Slope: 0.9555
2025-04-08 20:16:42 [INFO] 2024-06-07 | High Slope: 0.9371, Low Slope: 0.9513
2025-04-08 20:16:42 [INFO] 2024-06-10 | High Slope: 0.8974, Low Slope: 0.8948
2025-04-08 20:16:42 [INFO] 2024-06-11 | High Slope: 0.8759, Low Slope: 0.8790
2025-04-08 20:16:42 [INFO] 2024-06-12 | High Slope: 0.8553, Low Slope: 0.8587
2025-04-08 20:16:42 [INFO] 2024-06-13 | High Slope: 0.8604, Low Slope: 0.8441
2025-04-08 20:16:42 [INFO] 2024-06-14 | High Slope: 0.8359, Low Slope: 0.7938
2025-04-08 20:16:42 [INFO] 2024-06-17 | High Slope: 0.7770, Low Slope: 0.7255
2025-04-08 20:16:42 [INFO] 2024-06-18 | High Slope: 0.7837, Low Slope: 0.7121
2025-04-08 20:16:42 [INFO] 2024-06-20 | High Slope: 0.8028, Low Slope: 0.7490
2025-04-08 20:16:42 [INFO] 2024-06-21 | High Slope: 0.8308, Low Slope: 0.7829
2025-04-08 20:16:42 [INFO] 2024-06-24 | High Slope: 0.8219, Low Slope: 0.7926
2025-04-08 20:16:42 [INFO] 2024-06-25 | High Slope: 0.8252, Low Slope: 0.7974
2025-04-08 20:16:42 [INFO] 2024-06-26 | High Slope: 0.8213, Low Slope: 0.8085
2025-04-08 20:16:42 [INFO] 2024-06-27 | High Slope: 0.8136, Low Slope: 0.8136
2025-04-08 20:16:42 [INFO] 2024-06-28 | High Slope: 0.8072, Low Slope: 0.8234
2025-04-08 20:16:42 [INFO] 2024-07-01 | High Slope: 0.8537, Low Slope: 0.8427
2025-04-08 20:16:42 [INFO] 2024-07-02 | High Slope: 0.8722, Low Slope: 0.8736
2025-04-08 20:16:42 [INFO] 2024-07-03 | High Slope: 0.8900, Low Slope: 0.8964
2025-04-08 20:16:42 [INFO] 2024-07-05 | High Slope: 0.9304, Low Slope: 0.9559
2025-04-08 20:16:42 [INFO] 2024-07-08 | High Slope: 0.9814, Low Slope: 1.0212
2025-04-08 20:16:42 [INFO] 2024-07-09 | High Slope: 1.0280, Low Slope: 1.0855
2025-04-08 20:16:42 [INFO] 2024-07-10 | High Slope: 1.0804, Low Slope: 1.1263
2025-04-08 20:16:42 [INFO] 2024-07-11 | High Slope: 1.1309, Low Slope: 1.1755
2025-04-08 20:16:42 [INFO] 2024-07-12 | High Slope: 1.1728, Low Slope: 1.2063
2025-04-08 20:16:42 [INFO] 2024-07-15 | High Slope: 1.1866, Low Slope: 1.2204
2025-04-08 20:16:42 [INFO] 2024-07-16 | High Slope: 1.1768, Low Slope: 1.2079
2025-04-08 20:16:42 [INFO] 2024-07-17 | High Slope: 1.1665, Low Slope: 1.1735
2025-04-08 20:16:42 [INFO] 2024-07-18 | High Slope: 1.1214, Low Slope: 1.1128
2025-04-08 20:16:42 [INFO] 2024-07-19 | High Slope: 1.0544, Low Slope: 1.0129
2025-04-08 20:16:42 [INFO] 2024-07-22 | High Slope: 0.9762, Low Slope: 0.9107
2025-04-08 20:16:42 [INFO] 2024-07-23 | High Slope: 0.9013, Low Slope: 0.8460
2025-04-08 20:16:42 [INFO] 2024-07-24 | High Slope: 0.8363, Low Slope: 0.7859
2025-04-08 20:16:42 [INFO] 2024-07-25 | High Slope: 0.7073, Low Slope: 0.6332
2025-04-08 20:16:42 [INFO] 2024-07-26 | High Slope: 0.5677, Low Slope: 0.4546
2025-04-08 20:16:42 [INFO] 2024-07-29 | High Slope: 0.4695, Low Slope: 0.3549
2025-04-08 20:16:42 [INFO] 2024-07-30 | High Slope: 0.3629, Low Slope: 0.2569
2025-04-08 20:16:42 [INFO] 2024-07-31 | High Slope: 0.2521, Low Slope: 0.1317
2025-04-08 20:16:42 [INFO] 2024-08-01 | High Slope: 0.2169, Low Slope: 0.0762
2025-04-08 20:16:42 [INFO] 2024-08-02 | High Slope: 0.1881, Low Slope: 0.0000
2025-04-08 20:16:42 [INFO] 2024-08-05 | High Slope: 0.0518, Low Slope: -0.1534
2025-04-08 20:16:42 [INFO] 2024-08-06 | High Slope: -0.1838, Low Slope: -0.4203
2025-04-08 20:16:42 [INFO] TRADE - Entry Date: 2024-08-06, Entry: 517.25, Exit: 536.95, Profit: 39.4
2025-04-08 20:16:42 [INFO] 2024-08-07 | High Slope: -0.3612, Low Slope: -0.6268
2025-04-08 20:16:42 [INFO] TRADE - Entry Date: 2024-08-07, Entry: 513.79, Exit: 538.65, Profit: 49.7
2025-04-08 20:16:42 [INFO] 2024-08-08 | High Slope: -0.5313, Low Slope: -0.8226
2025-04-08 20:16:42 [INFO] TRADE - Entry Date: 2024-08-08, Entry: 525.67, Exit: 547.88, Profit: 44.42
2025-04-08 20:16:42 [INFO] 2024-08-09 | High Slope: -0.6902, Low Slope: -0.9793
2025-04-08 20:16:42 [INFO] TRADE - Entry Date: 2024-08-09, Entry: 527.99, Exit: 549.11, Profit: 42.24
2025-04-08 20:16:42 [INFO] 2024-08-12 | High Slope: -0.8171, Low Slope: -1.0729
2025-04-08 20:16:42 [INFO] TRADE - Entry Date: 2024-08-12, Entry: 528.27, Exit: 554.36, Profit: 52.18
2025-04-08 20:16:42 [INFO] 2024-08-13 | High Slope: -0.9079, Low Slope: -1.1556
2025-04-08 20:16:42 [INFO] TRADE - Entry Date: 2024-08-13, Entry: 536.95, Exit: 553.46, Profit: 33.0
2025-04-08 20:16:42 [INFO] 2024-08-14 | High Slope: -0.9806, Low Slope: -1.2018
2025-04-08 20:16:42 [INFO] TRADE - Entry Date: 2024-08-14, Entry: 538.65, Exit: 555.36, Profit: 33.42
2025-04-08 20:16:42 [INFO] 2024-08-15 | High Slope: -1.0131, Low Slope: -1.2130
2025-04-08 20:16:42 [INFO] TRADE - Entry Date: 2024-08-15, Entry: 547.88, Exit: 551.0, Profit: 6.24
2025-04-08 20:16:42 [INFO] 2024-08-16 | High Slope: -0.9709, Low Slope: -1.1325
2025-04-08 20:16:42 [INFO] TRADE - Entry Date: 2024-08-16, Entry: 549.11, Exit: 556.86, Profit: 15.5
2025-04-08 20:16:42 [INFO] 2024-08-19 | High Slope: -0.8968, Low Slope: -1.0201
2025-04-08 20:16:42 [INFO] TRADE - Entry Date: 2024-08-19, Entry: 554.36, Exit: 555.53, Profit: 2.34
2025-04-08 20:16:42 [INFO] 2024-08-20 | High Slope: -0.7851, Low Slope: -0.8701
2025-04-08 20:16:42 [INFO] TRADE - Entry Date: 2024-08-20, Entry: 553.46, Exit: 556.29, Profit: 5.66
2025-04-08 20:16:42 [INFO] 2024-08-21 | High Slope: -0.6607, Low Slope: -0.6887
2025-04-08 20:16:42 [INFO] TRADE - Entry Date: 2024-08-21, Entry: 555.36, Exit: 553.06, Profit: -4.6
2025-04-08 20:16:42 [INFO] 2024-08-22 | High Slope: -0.4991, Low Slope: -0.5161
2025-04-08 20:16:42 [INFO] TRADE - Entry Date: 2024-08-22, Entry: 551.0, Exit: 553.11, Profit: 4.22
2025-04-08 20:16:42 [INFO] 2024-08-23 | High Slope: -0.3264, Low Slope: -0.3475
2025-04-08 20:16:42 [INFO] TRADE - Entry Date: 2024-08-23, Entry: 556.86, Exit: 558.39, Profit: 3.08
2025-04-08 20:16:42 [INFO] 2024-08-26 | High Slope: -0.1455, Low Slope: -0.1548
2025-04-08 20:16:42 [INFO] TRADE - Entry Date: 2024-08-26, Entry: 555.53, Exit: 546.9, Profit: -17.26
2025-04-08 20:16:42 [INFO] 2024-08-27 | High Slope: 0.0490, Low Slope: 0.0661
2025-04-08 20:16:42 [INFO] 2024-08-28 | High Slope: 0.2342, Low Slope: 0.2995
2025-04-08 20:16:42 [INFO] 2024-08-29 | High Slope: 0.3864, Low Slope: 0.4760
2025-04-08 20:16:42 [INFO] 2024-08-30 | High Slope: 0.5443, Low Slope: 0.6247
2025-04-08 20:16:42 [INFO] 2024-09-03 | High Slope: 0.6665, Low Slope: 0.7530
2025-04-08 20:16:42 [INFO] 2024-09-04 | High Slope: 0.7707, Low Slope: 0.8497
2025-04-08 20:16:42 [INFO] 2024-09-05 | High Slope: 0.8417, Low Slope: 0.9621
2025-04-08 20:16:42 [INFO] 2024-09-06 | High Slope: 0.8581, Low Slope: 0.9724
2025-04-08 20:16:42 [INFO] 2024-09-09 | High Slope: 0.8466, Low Slope: 0.9114
2025-04-08 20:16:42 [INFO] 2024-09-10 | High Slope: 0.8066, Low Slope: 0.8978
2025-04-08 20:16:42 [INFO] 2024-09-11 | High Slope: 0.7746, Low Slope: 0.8965
2025-04-08 20:16:42 [INFO] 2024-09-12 | High Slope: 0.7834, Low Slope: 0.8444
2025-04-08 20:16:42 [INFO] 2024-09-13 | High Slope: 0.8565, Low Slope: 0.9352
2025-04-08 20:16:42 [INFO] 2024-09-16 | High Slope: 0.9596, Low Slope: 1.0110
2025-04-08 20:16:42 [INFO] 2024-09-17 | High Slope: 0.9375, Low Slope: 1.0068
2025-04-08 20:16:42 [INFO] 2024-09-18 | High Slope: 0.8344, Low Slope: 0.8693
2025-04-08 20:16:42 [INFO] 2024-09-19 | High Slope: 0.7680, Low Slope: 0.7617
2025-04-08 20:16:42 [INFO] 2024-09-20 | High Slope: 0.7237, Low Slope: 0.6827
2025-04-08 20:16:42 [INFO] 2024-09-23 | High Slope: 0.6476, Low Slope: 0.6001
2025-04-08 20:16:42 [INFO] 2024-09-24 | High Slope: 0.5825, Low Slope: 0.5623
2025-04-08 20:16:42 [INFO] 2024-09-25 | High Slope: 0.5158, Low Slope: 0.5194
2025-04-08 20:16:42 [INFO] 2024-09-26 | High Slope: 0.4807, Low Slope: 0.5044
2025-04-08 20:16:42 [INFO] 2024-09-27 | High Slope: 0.4682, Low Slope: 0.5068
2025-04-08 20:16:42 [INFO] 2024-09-30 | High Slope: 0.4960, Low Slope: 0.5585
2025-04-08 20:16:42 [INFO] 2024-10-01 | High Slope: 0.5263, Low Slope: 0.6012
2025-04-08 20:16:42 [INFO] 2024-10-02 | High Slope: 0.5765, Low Slope: 0.6402
2025-04-08 20:16:42 [INFO] 2024-10-03 | High Slope: 0.6013, Low Slope: 0.6921
2025-04-08 20:16:42 [INFO] 2024-10-04 | High Slope: 0.6294, Low Slope: 0.7233
2025-04-08 20:16:42 [INFO] 2024-10-07 | High Slope: 0.6835, Low Slope: 0.7675
2025-04-08 20:16:42 [INFO] 2024-10-08 | High Slope: 0.7227, Low Slope: 0.8115
2025-04-08 20:16:42 [INFO] 2024-10-09 | High Slope: 0.7746, Low Slope: 0.8812
2025-04-08 20:16:42 [INFO] 2024-10-10 | High Slope: 0.8338, Low Slope: 0.9599
2025-04-08 20:16:42 [INFO] 2024-10-11 | High Slope: 0.8817, Low Slope: 1.0216
2025-04-08 20:16:42 [INFO] 2024-10-14 | High Slope: 0.9533, Low Slope: 1.0977
2025-04-08 20:16:42 [INFO] 2024-10-15 | High Slope: 1.0521, Low Slope: 1.1953
2025-04-08 20:16:42 [INFO] 2024-10-16 | High Slope: 1.1152, Low Slope: 1.2156
2025-04-08 20:16:42 [INFO] 2024-10-17 | High Slope: 1.1100, Low Slope: 1.2247
2025-04-08 20:16:42 [INFO] 2024-10-18 | High Slope: 1.1083, Low Slope: 1.2244
2025-04-08 20:16:42 [INFO] 2024-10-21 | High Slope: 1.0719, Low Slope: 1.1582
2025-04-08 20:16:42 [INFO] 2024-10-22 | High Slope: 0.9898, Low Slope: 1.0816
2025-04-08 20:16:42 [INFO] 2024-10-23 | High Slope: 0.8981, Low Slope: 0.9909
2025-04-08 20:16:42 [INFO] 2024-10-24 | High Slope: 0.8145, Low Slope: 0.8216
2025-04-08 20:16:42 [INFO] 2024-10-25 | High Slope: 0.7356, Low Slope: 0.7374
2025-04-08 20:16:42 [INFO] 2024-10-28 | High Slope: 0.6998, Low Slope: 0.6974
2025-04-08 20:16:42 [INFO] 2024-10-29 | High Slope: 0.6431, Low Slope: 0.6671
2025-04-08 20:16:42 [INFO] 2024-10-30 | High Slope: 0.6019, Low Slope: 0.6197
2025-04-08 20:16:42 [INFO] 2024-10-31 | High Slope: 0.5698, Low Slope: 0.5695
2025-04-08 20:16:42 [INFO] 2024-11-01 | High Slope: 0.5098, Low Slope: 0.4903
2025-04-08 20:16:42 [INFO] 2024-11-04 | High Slope: 0.4349, Low Slope: 0.4162
2025-04-08 20:16:42 [INFO] 2024-11-05 | High Slope: 0.3446, Low Slope: 0.3422
2025-04-08 20:16:42 [INFO] 2024-11-06 | High Slope: 0.2876, Low Slope: 0.2817
2025-04-08 20:16:42 [INFO] 2024-11-07 | High Slope: 0.3292, Low Slope: 0.3243
2025-04-08 20:16:42 [INFO] 2024-11-08 | High Slope: 0.4116, Low Slope: 0.4151
2025-04-08 20:16:42 [INFO] 2024-11-11 | High Slope: 0.5000, Low Slope: 0.5196
2025-04-08 20:16:42 [INFO] 2024-11-12 | High Slope: 0.5817, Low Slope: 0.6020
2025-04-08 20:16:42 [INFO] 2024-11-13 | High Slope: 0.6442, Low Slope: 0.6405
2025-04-08 20:16:42 [INFO] 2024-11-14 | High Slope: 0.6666, Low Slope: 0.6653
2025-04-08 20:16:42 [INFO] 2024-11-15 | High Slope: 0.6663, Low Slope: 0.6636
2025-04-08 20:16:42 [INFO] 2024-11-18 | High Slope: 0.6292, Low Slope: 0.6114
2025-04-08 20:16:42 [INFO] 2024-11-19 | High Slope: 0.5705, Low Slope: 0.5517
2025-04-08 20:16:42 [INFO] 2024-11-20 | High Slope: 0.5265, Low Slope: 0.4952
2025-04-08 20:16:42 [INFO] 2024-11-21 | High Slope: 0.5002, Low Slope: 0.4569
2025-04-08 20:16:42 [INFO] 2024-11-22 | High Slope: 0.4949, Low Slope: 0.4445
2025-04-08 20:16:42 [INFO] 2024-11-25 | High Slope: 0.5074, Low Slope: 0.4727
2025-04-08 20:16:42 [INFO] 2024-11-26 | High Slope: 0.5769, Low Slope: 0.5395
2025-04-08 20:16:42 [INFO] 2024-11-27 | High Slope: 0.6399, Low Slope: 0.6032
2025-04-08 20:16:42 [INFO] 2024-11-29 | High Slope: 0.6785, Low Slope: 0.6562
2025-04-08 20:16:42 [INFO] 2024-12-02 | High Slope: 0.7477, Low Slope: 0.7364
2025-04-08 20:16:42 [INFO] 2024-12-03 | High Slope: 0.8104, Low Slope: 0.8317
2025-04-08 20:16:42 [INFO] 2024-12-04 | High Slope: 0.8601, Low Slope: 0.9038
2025-04-08 20:16:43 [INFO] 2024-12-05 | High Slope: 0.9228, Low Slope: 0.9815
2025-04-08 20:16:43 [INFO] 2024-12-06 | High Slope: 0.9598, Low Slope: 1.0161
2025-04-08 20:16:43 [INFO] 2024-12-09 | High Slope: 0.9774, Low Slope: 1.0560
2025-04-08 20:16:43 [INFO] 2024-12-10 | High Slope: 1.0046, Low Slope: 1.0740
2025-04-08 20:16:43 [INFO] 2024-12-11 | High Slope: 0.9962, Low Slope: 1.0847
2025-04-08 20:16:43 [INFO] 2024-12-12 | High Slope: 0.9958, Low Slope: 1.0931
2025-04-08 20:16:43 [INFO] 2024-12-13 | High Slope: 0.9789, Low Slope: 1.0879
2025-04-08 20:16:43 [INFO] 2024-12-16 | High Slope: 0.8984, Low Slope: 0.9875
2025-04-08 20:16:43 [INFO] 2024-12-17 | High Slope: 0.8077, Low Slope: 0.9023
2025-04-08 20:16:43 [INFO] 2024-12-18 | High Slope: 0.6651, Low Slope: 0.7683
2025-04-08 20:16:43 [INFO] 2024-12-19 | High Slope: 0.5451, Low Slope: 0.5277
2025-04-08 20:16:43 [INFO] 2024-12-20 | High Slope: 0.4301, Low Slope: 0.3821
2025-04-08 20:16:43 [INFO] SUMMARY - Total Trades: 33, Total Profit: $585.86, Win Rate: 87.88%
2025-04-08 20:47:18 [INFO] \U0001f680 Running AutoTrade EX v2.1 for SPY from 2024-01-01 to 2025-01-01...
2025-04-08 20:47:21 [INFO] 2024-03-14 | High Slope: 0.8916, Low Slope: 0.8872
2025-04-08 20:47:21 [INFO] 2024-03-15 | High Slope: 0.8630, Low Slope: 0.8371
2025-04-08 20:47:21 [INFO] 2024-03-18 | High Slope: 0.7987, Low Slope: 0.7673
2025-04-08 20:47:21 [INFO] 2024-03-19 | High Slope: 0.7942, Low Slope: 0.7510
2025-04-08 20:47:21 [INFO] 2024-03-20 | High Slope: 0.7726, Low Slope: 0.7218
2025-04-08 20:47:21 [INFO] 2024-03-21 | High Slope: 0.7697, Low Slope: 0.7203
2025-04-08 20:47:21 [INFO] 2024-03-22 | High Slope: 0.8055, Low Slope: 0.7740
2025-04-08 20:47:21 [INFO] 2024-03-25 | High Slope: 0.8210, Low Slope: 0.8222
2025-04-08 20:47:21 [INFO] 2024-03-26 | High Slope: 0.8347, Low Slope: 0.8591
2025-04-08 20:47:21 [INFO] 2024-03-27 | High Slope: 0.8558, Low Slope: 0.8902
2025-04-08 20:47:21 [INFO] 2024-03-28 | High Slope: 0.8352, Low Slope: 0.8549
2025-04-08 20:47:21 [INFO] 2024-04-01 | High Slope: 0.8247, Low Slope: 0.8523
2025-04-08 20:47:21 [INFO] 2024-04-02 | High Slope: 0.8222, Low Slope: 0.8548
2025-04-08 20:47:21 [INFO] 2024-04-03 | High Slope: 0.7793, Low Slope: 0.8180
2025-04-08 20:47:21 [INFO] 2024-04-04 | High Slope: 0.7110, Low Slope: 0.7511
2025-04-08 20:47:21 [INFO] 2024-04-05 | High Slope: 0.6437, Low Slope: 0.6361
2025-04-08 20:47:21 [INFO] 2024-04-08 | High Slope: 0.6176, Low Slope: 0.5841
2025-04-08 20:47:21 [INFO] 2024-04-09 | High Slope: 0.5951, Low Slope: 0.5790
2025-04-08 20:47:21 [INFO] 2024-04-10 | High Slope: 0.5618, Low Slope: 0.5375
2025-04-08 20:47:21 [INFO] 2024-04-11 | High Slope: 0.4824, Low Slope: 0.4696
2025-04-08 20:47:21 [INFO] 2024-04-12 | High Slope: 0.4175, Low Slope: 0.3992
2025-04-08 20:47:21 [INFO] 2024-04-15 | High Slope: 0.3426, Low Slope: 0.3086
2025-04-08 20:47:21 [INFO] 2024-04-16 | High Slope: 0.2852, Low Slope: 0.2023
2025-04-08 20:47:21 [INFO] 2024-04-17 | High Slope: 0.1763, Low Slope: 0.1122
2025-04-08 20:47:21 [INFO] 2024-04-18 | High Slope: 0.0445, Low Slope: -0.0421
2025-04-08 20:47:21 [INFO] 2024-04-19 | High Slope: -0.0901, Low Slope: -0.1744
2025-04-08 20:47:21 [INFO] TRADE - Entry Date: 2024-04-19, Entry: 488.94, Exit: 501.87, Profit: 25.88
2025-04-08 20:47:21 [INFO] 2024-04-22 | High Slope: -0.2192, Low Slope: -0.3234
2025-04-08 20:47:21 [INFO] TRADE - Entry Date: 2024-04-22, Entry: 493.44, Exit: 503.65, Profit: 20.42
2025-04-08 20:47:21 [INFO] 2024-04-23 | High Slope: -0.3143, Low Slope: -0.4472
2025-04-08 20:47:21 [INFO] TRADE - Entry Date: 2024-04-23, Entry: 499.3, Exit: 495.67, Profit: -7.24
2025-04-08 20:47:21 [INFO] 2024-04-24 | High Slope: -0.4225, Low Slope: -0.5566
2025-04-08 20:47:21 [INFO] TRADE - Entry Date: 2024-04-24, Entry: 499.06, Exit: 494.06, Profit: -10.0
2025-04-08 20:47:21 [INFO] 2024-04-25 | High Slope: -0.4834, Low Slope: -0.6237
2025-04-08 20:47:21 [INFO] TRADE - Entry Date: 2024-04-25, Entry: 497.16, Exit: 498.68, Profit: 3.04
2025-04-08 20:47:21 [INFO] 2024-04-26 | High Slope: -0.5609, Low Slope: -0.6994
2025-04-08 20:47:21 [INFO] TRADE - Entry Date: 2024-04-26, Entry: 501.87, Exit: 504.86, Profit: 5.98
2025-04-08 20:47:21 [INFO] 2024-04-29 | High Slope: -0.5988, Low Slope: -0.7342
2025-04-08 20:47:21 [INFO] TRADE - Entry Date: 2024-04-29, Entry: 503.65, Exit: 510.08, Profit: 12.86
2025-04-08 20:47:21 [INFO] 2024-04-30 | High Slope: -0.6547, Low Slope: -0.7715
2025-04-08 20:47:21 [INFO] TRADE - Entry Date: 2024-04-30, Entry: 495.67, Exit: 510.64, Profit: 29.94
2025-04-08 20:47:21 [INFO] 2024-05-01 | High Slope: -0.6920, Low Slope: -0.8126
2025-04-08 20:47:21 [INFO] TRADE - Entry Date: 2024-05-01, Entry: 494.06, Exit: 510.69, Profit: 33.26
2025-04-08 20:47:21 [INFO] 2024-05-02 | High Slope: -0.7319, Low Slope: -0.8715
2025-04-08 20:47:21 [INFO] TRADE - Entry Date: 2024-05-02, Entry: 498.68, Exit: 513.63, Profit: 29.9
2025-04-08 20:47:21 [INFO] 2024-05-03 | High Slope: -0.7516, Low Slope: -0.9006
2025-04-08 20:47:21 [INFO] TRADE - Entry Date: 2024-05-03, Entry: 504.86, Exit: 514.29, Profit: 18.86
2025-04-08 20:47:21 [INFO] 2024-05-06 | High Slope: -0.6986, Low Slope: -0.8189
2025-04-08 20:47:21 [INFO] TRADE - Entry Date: 2024-05-06, Entry: 510.08, Exit: 514.36, Profit: 8.58
2025-04-08 20:47:21 [INFO] 2024-05-07 | High Slope: -0.6249, Low Slope: -0.7076
2025-04-08 20:47:21 [INFO] TRADE - Entry Date: 2024-05-07, Entry: 510.64, Exit: 516.72, Profit: 12.16
2025-04-08 20:47:21 [INFO] 2024-05-08 | High Slope: -0.5473, Low Slope: -0.5820
2025-04-08 20:47:21 [INFO] TRADE - Entry Date: 2024-05-08, Entry: 510.69, Exit: 523.12, Profit: 24.86
2025-04-08 20:47:21 [INFO] 2024-05-09 | High Slope: -0.4698, Low Slope: -0.4717
2025-04-08 20:47:21 [INFO] TRADE - Entry Date: 2024-05-09, Entry: 513.63, Exit: 522.05, Profit: 16.82
2025-04-08 20:47:21 [INFO] 2024-05-10 | High Slope: -0.3637, Low Slope: -0.3425
2025-04-08 20:47:21 [INFO] TRADE - Entry Date: 2024-05-10, Entry: 514.29, Exit: 522.8, Profit: 17.0
2025-04-08 20:47:21 [INFO] 2024-05-13 | High Slope: -0.2312, Low Slope: -0.1714
2025-04-08 20:47:21 [INFO] TRADE - Entry Date: 2024-05-13, Entry: 514.36, Exit: 523.4, Profit: 18.08
2025-04-08 20:47:21 [INFO] 2024-05-14 | High Slope: -0.0993, Low Slope: -0.0102
2025-04-08 20:47:21 [INFO] TRADE - Entry Date: 2024-05-14, Entry: 516.72, Exit: 524.68, Profit: 15.92
2025-04-08 20:47:21 [INFO] 2024-05-15 | High Slope: 0.0040, Low Slope: 0.1262
2025-04-08 20:47:21 [INFO] 2024-05-16 | High Slope: 0.1584, Low Slope: 0.2983
2025-04-08 20:47:21 [INFO] 2024-05-17 | High Slope: 0.3379, Low Slope: 0.4551
2025-04-08 20:47:21 [INFO] 2024-05-20 | High Slope: 0.4778, Low Slope: 0.6057
2025-04-08 20:47:21 [INFO] 2024-05-21 | High Slope: 0.6251, Low Slope: 0.7886
2025-04-08 20:47:21 [INFO] 2024-05-22 | High Slope: 0.7709, Low Slope: 0.9419
2025-04-08 20:47:21 [INFO] 2024-05-23 | High Slope: 0.8799, Low Slope: 1.0639
2025-04-08 20:47:21 [INFO] 2024-05-24 | High Slope: 1.0155, Low Slope: 1.1607
2025-04-08 20:47:21 [INFO] 2024-05-28 | High Slope: 1.1025, Low Slope: 1.2453
2025-04-08 20:47:21 [INFO] 2024-05-29 | High Slope: 1.1810, Low Slope: 1.2861
2025-04-08 20:47:21 [INFO] 2024-05-30 | High Slope: 1.1726, Low Slope: 1.2961
2025-04-08 20:47:21 [INFO] 2024-05-31 | High Slope: 1.1397, Low Slope: 1.2491
2025-04-08 20:47:21 [INFO] 2024-06-03 | High Slope: 1.0988, Low Slope: 1.1697
2025-04-08 20:47:21 [INFO] 2024-06-04 | High Slope: 1.0342, Low Slope: 1.0766
2025-04-08 20:47:21 [INFO] 2024-06-05 | High Slope: 0.9690, Low Slope: 0.9966
2025-04-08 20:47:21 [INFO] 2024-06-06 | High Slope: 0.9526, Low Slope: 0.9555
2025-04-08 20:47:21 [INFO] 2024-06-07 | High Slope: 0.9371, Low Slope: 0.9513
2025-04-08 20:47:21 [INFO] 2024-06-10 | High Slope: 0.8974, Low Slope: 0.8948
2025-04-08 20:47:21 [INFO] 2024-06-11 | High Slope: 0.8759, Low Slope: 0.8790
2025-04-08 20:47:21 [INFO] 2024-06-12 | High Slope: 0.8553, Low Slope: 0.8587
2025-04-08 20:47:21 [INFO] 2024-06-13 | High Slope: 0.8604, Low Slope: 0.8441
2025-04-08 20:47:21 [INFO] 2024-06-14 | High Slope: 0.8359, Low Slope: 0.7938
2025-04-08 20:47:21 [INFO] 2024-06-17 | High Slope: 0.7770, Low Slope: 0.7255
2025-04-08 20:47:21 [INFO] 2024-06-18 | High Slope: 0.7837, Low Slope: 0.7121
2025-04-08 20:47:21 [INFO] 2024-06-20 | High Slope: 0.8028, Low Slope: 0.7490
2025-04-08 20:47:21 [INFO] 2024-06-21 | High Slope: 0.8308, Low Slope: 0.7829
2025-04-08 20:47:21 [INFO] 2024-06-24 | High Slope: 0.8219, Low Slope: 0.7926
2025-04-08 20:47:21 [INFO] 2024-06-25 | High Slope: 0.8252, Low Slope: 0.7974
2025-04-08 20:47:21 [INFO] 2024-06-26 | High Slope: 0.8213, Low Slope: 0.8085
2025-04-08 20:47:21 [INFO] 2024-06-27 | High Slope: 0.8136, Low Slope: 0.8136
2025-04-08 20:47:21 [INFO] 2024-06-28 | High Slope: 0.8072, Low Slope: 0.8234
2025-04-08 20:47:21 [INFO] 2024-07-01 | High Slope: 0.8537, Low Slope: 0.8427
2025-04-08 20:47:21 [INFO] 2024-07-02 | High Slope: 0.8722, Low Slope: 0.8736
2025-04-08 20:47:21 [INFO] 2024-07-03 | High Slope: 0.8900, Low Slope: 0.8964
2025-04-08 20:47:21 [INFO] 2024-07-05 | High Slope: 0.9304, Low Slope: 0.9559
2025-04-08 20:47:21 [INFO] 2024-07-08 | High Slope: 0.9814, Low Slope: 1.0212
2025-04-08 20:47:21 [INFO] 2024-07-09 | High Slope: 1.0280, Low Slope: 1.0855
2025-04-08 20:47:21 [INFO] 2024-07-10 | High Slope: 1.0804, Low Slope: 1.1263
2025-04-08 20:47:21 [INFO] 2024-07-11 | High Slope: 1.1309, Low Slope: 1.1755
2025-04-08 20:47:21 [INFO] 2024-07-12 | High Slope: 1.1728, Low Slope: 1.2064
2025-04-08 20:47:21 [INFO] 2024-07-15 | High Slope: 1.1866, Low Slope: 1.2204
2025-04-08 20:47:21 [INFO] 2024-07-16 | High Slope: 1.1768, Low Slope: 1.2079
2025-04-08 20:47:21 [INFO] 2024-07-17 | High Slope: 1.1665, Low Slope: 1.1735
2025-04-08 20:47:21 [INFO] 2024-07-18 | High Slope: 1.1214, Low Slope: 1.1128
2025-04-08 20:47:21 [INFO] 2024-07-19 | High Slope: 1.0544, Low Slope: 1.0129
2025-04-08 20:47:21 [INFO] 2024-07-22 | High Slope: 0.9762, Low Slope: 0.9107
2025-04-08 20:47:21 [INFO] 2024-07-23 | High Slope: 0.9013, Low Slope: 0.8460
2025-04-08 20:47:21 [INFO] 2024-07-24 | High Slope: 0.8363, Low Slope: 0.7859
2025-04-08 20:47:21 [INFO] 2024-07-25 | High Slope: 0.7073, Low Slope: 0.6332
2025-04-08 20:47:21 [INFO] 2024-07-26 | High Slope: 0.5677, Low Slope: 0.4546
2025-04-08 20:47:21 [INFO] 2024-07-29 | High Slope: 0.4695, Low Slope: 0.3549
2025-04-08 20:47:21 [INFO] 2024-07-30 | High Slope: 0.3629, Low Slope: 0.2569
2025-04-08 20:47:21 [INFO] 2024-07-31 | High Slope: 0.2521, Low Slope: 0.1317
2025-04-08 20:47:21 [INFO] 2024-08-01 | High Slope: 0.2169, Low Slope: 0.0762
2025-04-08 20:47:21 [INFO] 2024-08-02 | High Slope: 0.1881, Low Slope: 0.0000
2025-04-08 20:47:21 [INFO] 2024-08-05 | High Slope: 0.0518, Low Slope: -0.1534
2025-04-08 20:47:21 [INFO] 2024-08-06 | High Slope: -0.1838, Low Slope: -0.4203
2025-04-08 20:47:21 [INFO] TRADE - Entry Date: 2024-08-06, Entry: 517.25, Exit: 536.95, Profit: 39.4
2025-04-08 20:47:21 [INFO] 2024-08-07 | High Slope: -0.3612, Low Slope: -0.6268
2025-04-08 20:47:21 [INFO] TRADE - Entry Date: 2024-08-07, Entry: 513.79, Exit: 538.65, Profit: 49.7
2025-04-08 20:47:21 [INFO] 2024-08-08 | High Slope: -0.5313, Low Slope: -0.8226
2025-04-08 20:47:21 [INFO] TRADE - Entry Date: 2024-08-08, Entry: 525.67, Exit: 547.88, Profit: 44.42
2025-04-08 20:47:21 [INFO] 2024-08-09 | High Slope: -0.6902, Low Slope: -0.9793
2025-04-08 20:47:21 [INFO] TRADE - Entry Date: 2024-08-09, Entry: 527.99, Exit: 549.11, Profit: 42.24
2025-04-08 20:47:21 [INFO] 2024-08-12 | High Slope: -0.8171, Low Slope: -1.0729
2025-04-08 20:47:21 [INFO] TRADE - Entry Date: 2024-08-12, Entry: 528.27, Exit: 554.36, Profit: 52.18
2025-04-08 20:47:21 [INFO] 2024-08-13 | High Slope: -0.9079, Low Slope: -1.1556
2025-04-08 20:47:21 [INFO] TRADE - Entry Date: 2024-08-13, Entry: 536.95, Exit: 553.46, Profit: 33.0
2025-04-08 20:47:21 [INFO] 2024-08-14 | High Slope: -0.9806, Low Slope: -1.2018
2025-04-08 20:47:21 [INFO] TRADE - Entry Date: 2024-08-14, Entry: 538.65, Exit: 555.36, Profit: 33.42
2025-04-08 20:47:21 [INFO] 2024-08-15 | High Slope: -1.0131, Low Slope: -1.2130
2025-04-08 20:47:21 [INFO] TRADE - Entry Date: 2024-08-15, Entry: 547.88, Exit: 551.0, Profit: 6.24
2025-04-08 20:47:21 [INFO] 2024-08-16 | High Slope: -0.9709, Low Slope: -1.1325
2025-04-08 20:47:21 [INFO] TRADE - Entry Date: 2024-08-16, Entry: 549.11, Exit: 556.86, Profit: 15.5
2025-04-08 20:47:21 [INFO] 2024-08-19 | High Slope: -0.8968, Low Slope: -1.0201
2025-04-08 20:47:21 [INFO] TRADE - Entry Date: 2024-08-19, Entry: 554.36, Exit: 555.53, Profit: 2.34
2025-04-08 20:47:21 [INFO] 2024-08-20 | High Slope: -0.7851, Low Slope: -0.8701
2025-04-08 20:47:21 [INFO] TRADE - Entry Date: 2024-08-20, Entry: 553.46, Exit: 556.29, Profit: 5.66
2025-04-08 20:47:21 [INFO] 2024-08-21 | High Slope: -0.6607, Low Slope: -0.6887
2025-04-08 20:47:21 [INFO] TRADE - Entry Date: 2024-08-21, Entry: 555.36, Exit: 553.06, Profit: -4.6
2025-04-08 20:47:21 [INFO] 2024-08-22 | High Slope: -0.4991, Low Slope: -0.5161
2025-04-08 20:47:21 [INFO] TRADE - Entry Date: 2024-08-22, Entry: 551.0, Exit: 553.11, Profit: 4.22
2025-04-08 20:47:21 [INFO] 2024-08-23 | High Slope: -0.3264, Low Slope: -0.3475
2025-04-08 20:47:21 [INFO] TRADE - Entry Date: 2024-08-23, Entry: 556.86, Exit: 558.39, Profit: 3.08
2025-04-08 20:47:21 [INFO] 2024-08-26 | High Slope: -0.1455, Low Slope: -0.1548
2025-04-08 20:47:21 [INFO] TRADE - Entry Date: 2024-08-26, Entry: 555.53, Exit: 546.9, Profit: -17.26
2025-04-08 20:47:21 [INFO] 2024-08-27 | High Slope: 0.0490, Low Slope: 0.0661
2025-04-08 20:47:21 [INFO] 2024-08-28 | High Slope: 0.2342, Low Slope: 0.2995
2025-04-08 20:47:21 [INFO] 2024-08-29 | High Slope: 0.3864, Low Slope: 0.4760
2025-04-08 20:47:21 [INFO] 2024-08-30 | High Slope: 0.5443, Low Slope: 0.6247
2025-04-08 20:47:21 [INFO] 2024-09-03 | High Slope: 0.6665, Low Slope: 0.7530
2025-04-08 20:47:21 [INFO] 2024-09-04 | High Slope: 0.7707, Low Slope: 0.8497
2025-04-08 20:47:21 [INFO] 2024-09-05 | High Slope: 0.8417, Low Slope: 0.9621
2025-04-08 20:47:21 [INFO] 2024-09-06 | High Slope: 0.8581, Low Slope: 0.9724
2025-04-08 20:47:21 [INFO] 2024-09-09 | High Slope: 0.8466, Low Slope: 0.9114
2025-04-08 20:47:21 [INFO] 2024-09-10 | High Slope: 0.8066, Low Slope: 0.8978
2025-04-08 20:47:21 [INFO] 2024-09-11 | High Slope: 0.7746, Low Slope: 0.8965
2025-04-08 20:47:21 [INFO] 2024-09-12 | High Slope: 0.7834, Low Slope: 0.8444
2025-04-08 20:47:21 [INFO] 2024-09-13 | High Slope: 0.8565, Low Slope: 0.9352
2025-04-08 20:47:21 [INFO] 2024-09-16 | High Slope: 0.9596, Low Slope: 1.0110
2025-04-08 20:47:21 [INFO] 2024-09-17 | High Slope: 0.9375, Low Slope: 1.0068
2025-04-08 20:47:21 [INFO] 2024-09-18 | High Slope: 0.8344, Low Slope: 0.8693
2025-04-08 20:47:21 [INFO] 2024-09-19 | High Slope: 0.7680, Low Slope: 0.7617
2025-04-08 20:47:21 [INFO] 2024-09-20 | High Slope: 0.7237, Low Slope: 0.6827
2025-04-08 20:47:21 [INFO] 2024-09-23 | High Slope: 0.6476, Low Slope: 0.6001
2025-04-08 20:47:21 [INFO] 2024-09-24 | High Slope: 0.5825, Low Slope: 0.5623
2025-04-08 20:47:21 [INFO] 2024-09-25 | High Slope: 0.5158, Low Slope: 0.5194
2025-04-08 20:47:21 [INFO] 2024-09-26 | High Slope: 0.4807, Low Slope: 0.5044
2025-04-08 20:47:21 [INFO] 2024-09-27 | High Slope: 0.4682, Low Slope: 0.5068
2025-04-08 20:47:21 [INFO] 2024-09-30 | High Slope: 0.4960, Low Slope: 0.5585
2025-04-08 20:47:21 [INFO] 2024-10-01 | High Slope: 0.5263, Low Slope: 0.6012
2025-04-08 20:47:21 [INFO] 2024-10-02 | High Slope: 0.5765, Low Slope: 0.6402
2025-04-08 20:47:21 [INFO] 2024-10-03 | High Slope: 0.6013, Low Slope: 0.6921
2025-04-08 20:47:21 [INFO] 2024-10-04 | High Slope: 0.6294, Low Slope: 0.7233
2025-04-08 20:47:21 [INFO] 2024-10-07 | High Slope: 0.6835, Low Slope: 0.7675
2025-04-08 20:47:21 [INFO] 2024-10-08 | High Slope: 0.7227, Low Slope: 0.8115
2025-04-08 20:47:21 [INFO] 2024-10-09 | High Slope: 0.7746, Low Slope: 0.8812
2025-04-08 20:47:21 [INFO] 2024-10-10 | High Slope: 0.8338, Low Slope: 0.9599
2025-04-08 20:47:21 [INFO] 2024-10-11 | High Slope: 0.8817, Low Slope: 1.0216
2025-04-08 20:47:21 [INFO] 2024-10-14 | High Slope: 0.9533, Low Slope: 1.0977
2025-04-08 20:47:21 [INFO] 2024-10-15 | High Slope: 1.0521, Low Slope: 1.1953
2025-04-08 20:47:21 [INFO] 2024-10-16 | High Slope: 1.1152, Low Slope: 1.2156
2025-04-08 20:47:21 [INFO] 2024-10-17 | High Slope: 1.1100, Low Slope: 1.2247
2025-04-08 20:47:21 [INFO] 2024-10-18 | High Slope: 1.1083, Low Slope: 1.2244
2025-04-08 20:47:21 [INFO] 2024-10-21 | High Slope: 1.0719, Low Slope: 1.1582
2025-04-08 20:47:21 [INFO] 2024-10-22 | High Slope: 0.9898, Low Slope: 1.0816
2025-04-08 20:47:21 [INFO] 2024-10-23 | High Slope: 0.8981, Low Slope: 0.9909
2025-04-08 20:47:21 [INFO] 2024-10-24 | High Slope: 0.8145, Low Slope: 0.8216
2025-04-08 20:47:21 [INFO] 2024-10-25 | High Slope: 0.7356, Low Slope: 0.7374
2025-04-08 20:47:21 [INFO] 2024-10-28 | High Slope: 0.6998, Low Slope: 0.6974
2025-04-08 20:47:21 [INFO] 2024-10-29 | High Slope: 0.6431, Low Slope: 0.6671
2025-04-08 20:47:21 [INFO] 2024-10-30 | High Slope: 0.6019, Low Slope: 0.6197
2025-04-08 20:47:21 [INFO] 2024-10-31 | High Slope: 0.5698, Low Slope: 0.5695
2025-04-08 20:47:21 [INFO] 2024-11-01 | High Slope: 0.5098, Low Slope: 0.4903
2025-04-08 20:47:21 [INFO] 2024-11-04 | High Slope: 0.4349, Low Slope: 0.4162
2025-04-08 20:47:21 [INFO] 2024-11-05 | High Slope: 0.3446, Low Slope: 0.3422
2025-04-08 20:47:21 [INFO] 2024-11-06 | High Slope: 0.2876, Low Slope: 0.2817
2025-04-08 20:47:21 [INFO] 2024-11-07 | High Slope: 0.3292, Low Slope: 0.3243
2025-04-08 20:47:21 [INFO] 2024-11-08 | High Slope: 0.4116, Low Slope: 0.4151
2025-04-08 20:47:21 [INFO] 2024-11-11 | High Slope: 0.5000, Low Slope: 0.5196
2025-04-08 20:47:21 [INFO] 2024-11-12 | High Slope: 0.5817, Low Slope: 0.6020
2025-04-08 20:47:21 [INFO] 2024-11-13 | High Slope: 0.6442, Low Slope: 0.6405
2025-04-08 20:47:21 [INFO] 2024-11-14 | High Slope: 0.6666, Low Slope: 0.6653
2025-04-08 20:47:21 [INFO] 2024-11-15 | High Slope: 0.6663, Low Slope: 0.6636
2025-04-08 20:47:21 [INFO] 2024-11-18 | High Slope: 0.6292, Low Slope: 0.6114
2025-04-08 20:47:21 [INFO] 2024-11-19 | High Slope: 0.5705, Low Slope: 0.5517
2025-04-08 20:47:21 [INFO] 2024-11-20 | High Slope: 0.5265, Low Slope: 0.4952
2025-04-08 20:47:21 [INFO] 2024-11-21 | High Slope: 0.5002, Low Slope: 0.4569
2025-04-08 20:47:21 [INFO] 2024-11-22 | High Slope: 0.4949, Low Slope: 0.4445
2025-04-08 20:47:21 [INFO] 2024-11-25 | High Slope: 0.5074, Low Slope: 0.4727
2025-04-08 20:47:21 [INFO] 2024-11-26 | High Slope: 0.5769, Low Slope: 0.5395
2025-04-08 20:47:21 [INFO] 2024-11-27 | High Slope: 0.6399, Low Slope: 0.6032
2025-04-08 20:47:21 [INFO] 2024-11-29 | High Slope: 0.6785, Low Slope: 0.6562
2025-04-08 20:47:21 [INFO] 2024-12-02 | High Slope: 0.7477, Low Slope: 0.7364
2025-04-08 20:47:21 [INFO] 2024-12-03 | High Slope: 0.8104, Low Slope: 0.8317
2025-04-08 20:47:21 [INFO] 2024-12-04 | High Slope: 0.8601, Low Slope: 0.9038
2025-04-08 20:47:21 [INFO] 2024-12-05 | High Slope: 0.9228, Low Slope: 0.9815
2025-04-08 20:47:21 [INFO] 2024-12-06 | High Slope: 0.9598, Low Slope: 1.0161
2025-04-08 20:47:21 [INFO] 2024-12-09 | High Slope: 0.9774, Low Slope: 1.0560
2025-04-08 20:47:21 [INFO] 2024-12-10 | High Slope: 1.0046, Low Slope: 1.0740
2025-04-08 20:47:21 [INFO] 2024-12-11 | High Slope: 0.9962, Low Slope: 1.0847
2025-04-08 20:47:21 [INFO] 2024-12-12 | High Slope: 0.9958, Low Slope: 1.0931
2025-04-08 20:47:21 [INFO] 2024-12-13 | High Slope: 0.9789, Low Slope: 1.0879
2025-04-08 20:47:21 [INFO] 2024-12-16 | High Slope: 0.8984, Low Slope: 0.9875
2025-04-08 20:47:21 [INFO] 2024-12-17 | High Slope: 0.8077, Low Slope: 0.9023
2025-04-08 20:47:21 [INFO] 2024-12-18 | High Slope: 0.6651, Low Slope: 0.7683
2025-04-08 20:47:21 [INFO] 2024-12-19 | High Slope: 0.5451, Low Slope: 0.5277
2025-04-08 20:47:21 [INFO] 2024-12-20 | High Slope: 0.4301, Low Slope: 0.3821
2025-04-08 20:47:21 [INFO] SUMMARY - Total Trades: 33, Total Profit: $585.86, Win Rate: 87.88%
2025-04-08 23:24:58 [INFO] 2024-03-14 | High Slope: 0.8916, Low Slope: 0.8872
2025-04-08 23:24:58 [INFO] 2024-03-15 | High Slope: 0.8630, Low Slope: 0.8371
2025-04-08 23:24:58 [INFO] 2024-03-18 | High Slope: 0.7987, Low Slope: 0.7673
2025-04-08 23:24:58 [INFO] 2024-03-19 | High Slope: 0.7942, Low Slope: 0.7510
2025-04-08 23:24:58 [INFO] 2024-03-20 | High Slope: 0.7726, Low Slope: 0.7218
2025-04-08 23:24:58 [INFO] 2024-03-21 | High Slope: 0.7697, Low Slope: 0.7203
2025-04-08 23:24:58 [INFO] 2024-03-22 | High Slope: 0.8055, Low Slope: 0.7740
2025-04-08 23:24:58 [INFO] 2024-03-25 | High Slope: 0.8210, Low Slope: 0.8222
2025-04-08 23:24:58 [INFO] 2024-03-26 | High Slope: 0.8347, Low Slope: 0.8591
2025-04-08 23:24:58 [INFO] 2024-03-27 | High Slope: 0.8558, Low Slope: 0.8902
2025-04-08 23:24:58 [INFO] 2024-03-28 | High Slope: 0.8352, Low Slope: 0.8549
2025-04-08 23:24:58 [INFO] 2024-04-01 | High Slope: 0.8247, Low Slope: 0.8523
2025-04-08 23:24:58 [INFO] 2024-04-02 | High Slope: 0.8222, Low Slope: 0.8548
2025-04-08 23:24:58 [INFO] 2024-04-03 | High Slope: 0.7793, Low Slope: 0.8180
2025-04-08 23:24:58 [INFO] 2024-04-04 | High Slope: 0.7110, Low Slope: 0.7511
2025-04-08 23:24:58 [INFO] 2024-04-05 | High Slope: 0.6437, Low Slope: 0.6361
2025-04-08 23:24:58 [INFO] 2024-04-08 | High Slope: 0.6176, Low Slope: 0.5841
2025-04-08 23:24:58 [INFO] 2024-04-09 | High Slope: 0.5951, Low Slope: 0.5790
2025-04-08 23:24:58 [INFO] 2024-04-10 | High Slope: 0.5618, Low Slope: 0.5375
2025-04-08 23:24:58 [INFO] 2024-04-11 | High Slope: 0.4824, Low Slope: 0.4696
2025-04-08 23:24:58 [INFO] 2024-04-12 | High Slope: 0.4175, Low Slope: 0.3992
2025-04-08 23:24:58 [INFO] 2024-04-15 | High Slope: 0.3426, Low Slope: 0.3086
2025-04-08 23:24:58 [INFO] 2024-04-16 | High Slope: 0.2852, Low Slope: 0.2023
2025-04-08 23:24:58 [INFO] 2024-04-17 | High Slope: 0.1763, Low Slope: 0.1122
2025-04-08 23:24:58 [INFO] 2024-04-18 | High Slope: 0.0445, Low Slope: -0.0421
2025-04-08 23:24:58 [INFO] 2024-04-19 | High Slope: -0.0901, Low Slope: -0.1744
2025-04-08 23:24:58 [INFO] TRADE - Entry Date: 2024-04-19, Entry: 488.94, Exit: 501.87, Profit: 25.88
2025-04-08 23:24:58 [INFO] 2024-04-22 | High Slope: -0.2192, Low Slope: -0.3234
2025-04-08 23:24:58 [INFO] TRADE - Entry Date: 2024-04-22, Entry: 493.44, Exit: 503.65, Profit: 20.42
2025-04-08 23:24:58 [INFO] 2024-04-23 | High Slope: -0.3143, Low Slope: -0.4472
2025-04-08 23:24:58 [INFO] TRADE - Entry Date: 2024-04-23, Entry: 499.3, Exit: 495.67, Profit: -7.24
2025-04-08 23:24:58 [INFO] 2024-04-24 | High Slope: -0.4225, Low Slope: -0.5566
2025-04-08 23:24:58 [INFO] TRADE - Entry Date: 2024-04-24, Entry: 499.06, Exit: 494.06, Profit: -10.0
2025-04-08 23:24:58 [INFO] 2024-04-25 | High Slope: -0.4834, Low Slope: -0.6237
2025-04-08 23:24:58 [INFO] TRADE - Entry Date: 2024-04-25, Entry: 497.16, Exit: 498.68, Profit: 3.04
2025-04-08 23:24:58 [INFO] 2024-04-26 | High Slope: -0.5609, Low Slope: -0.6994
2025-04-08 23:24:58 [INFO] TRADE - Entry Date: 2024-04-26, Entry: 501.87, Exit: 504.86, Profit: 5.98
2025-04-08 23:24:58 [INFO] 2024-04-29 | High Slope: -0.5988, Low Slope: -0.7342
2025-04-08 23:24:58 [INFO] TRADE - Entry Date: 2024-04-29, Entry: 503.65, Exit: 510.08, Profit: 12.86
2025-04-08 23:24:58 [INFO] 2024-04-30 | High Slope: -0.6547, Low Slope: -0.7715
2025-04-08 23:24:58 [INFO] TRADE - Entry Date: 2024-04-30, Entry: 495.67, Exit: 510.64, Profit: 29.94
2025-04-08 23:24:58 [INFO] 2024-05-01 | High Slope: -0.6920, Low Slope: -0.8126
2025-04-08 23:24:58 [INFO] TRADE - Entry Date: 2024-05-01, Entry: 494.06, Exit: 510.69, Profit: 33.26
2025-04-08 23:24:58 [INFO] 2024-05-02 | High Slope: -0.7319, Low Slope: -0.8715
2025-04-08 23:24:58 [INFO] TRADE - Entry Date: 2024-05-02, Entry: 498.68, Exit: 513.63, Profit: 29.9
2025-04-08 23:24:58 [INFO] 2024-05-03 | High Slope: -0.7516, Low Slope: -0.9006
2025-04-08 23:24:58 [INFO] TRADE - Entry Date: 2024-05-03, Entry: 504.86, Exit: 514.29, Profit: 18.86
2025-04-08 23:24:58 [INFO] 2024-05-06 | High Slope: -0.6986, Low Slope: -0.8189
2025-04-08 23:24:58 [INFO] TRADE - Entry Date: 2024-05-06, Entry: 510.08, Exit: 514.36, Profit: 8.58
2025-04-08 23:24:58 [INFO] 2024-05-07 | High Slope: -0.6249, Low Slope: -0.7076
2025-04-08 23:24:58 [INFO] TRADE - Entry Date: 2024-05-07, Entry: 510.64, Exit: 516.72, Profit: 12.16
2025-04-08 23:24:58 [INFO] 2024-05-08 | High Slope: -0.5473, Low Slope: -0.5820
2025-04-08 23:24:58 [INFO] TRADE - Entry Date: 2024-05-08, Entry: 510.69, Exit: 523.12, Profit: 24.86
2025-04-08 23:24:58 [INFO] 2024-05-09 | High Slope: -0.4698, Low Slope: -0.4717
2025-04-08 23:24:58 [INFO] TRADE - Entry Date: 2024-05-09, Entry: 513.63, Exit: 522.05, Profit: 16.82
2025-04-08 23:24:58 [INFO] 2024-05-10 | High Slope: -0.3637, Low Slope: -0.3425
2025-04-08 23:24:58 [INFO] TRADE - Entry Date: 2024-05-10, Entry: 514.29, Exit: 522.8, Profit: 17.0
2025-04-08 23:24:58 [INFO] 2024-05-13 | High Slope: -0.2312, Low Slope: -0.1714
2025-04-08 23:24:58 [INFO] TRADE - Entry Date: 2024-05-13, Entry: 514.36, Exit: 523.4, Profit: 18.06
2025-04-08 23:24:58 [INFO] 2024-05-14 | High Slope: -0.0993, Low Slope: -0.0102
2025-04-08 23:24:58 [INFO] TRADE - Entry Date: 2024-05-14, Entry: 516.72, Exit: 524.68, Profit: 15.92
2025-04-08 23:24:58 [INFO] 2024-05-15 | High Slope: 0.0040, Low Slope: 0.1262
2025-04-08 23:24:58 [INFO] 2024-05-16 | High Slope: 0.1584, Low Slope: 0.2983
2025-04-08 23:24:58 [INFO] 2024-05-17 | High Slope: 0.3379, Low Slope: 0.4551
2025-04-08 23:24:58 [INFO] 2024-05-20 | High Slope: 0.4778, Low Slope: 0.6057
2025-04-08 23:24:58 [INFO] 2024-05-21 | High Slope: 0.6251, Low Slope: 0.7886
2025-04-08 23:24:58 [INFO] 2024-05-22 | High Slope: 0.7709, Low Slope: 0.9419
2025-04-08 23:24:58 [INFO] 2024-05-23 | High Slope: 0.8799, Low Slope: 1.0639
2025-04-08 23:24:58 [INFO] 2024-05-24 | High Slope: 1.0155, Low Slope: 1.1607
2025-04-08 23:24:58 [INFO] 2024-05-28 | High Slope: 1.1025, Low Slope: 1.2453
2025-04-08 23:24:58 [INFO] 2024-05-29 | High Slope: 1.1810, Low Slope: 1.2861
2025-04-08 23:24:58 [INFO] 2024-05-30 | High Slope: 1.1726, Low Slope: 1.2961
2025-04-08 23:24:58 [INFO] 2024-05-31 | High Slope: 1.1397, Low Slope: 1.2491
2025-04-08 23:24:58 [INFO] 2024-06-03 | High Slope: 1.0988, Low Slope: 1.1697
2025-04-08 23:24:58 [INFO] 2024-06-04 | High Slope: 1.0342, Low Slope: 1.0766
2025-04-08 23:24:58 [INFO] 2024-06-05 | High Slope: 0.9690, Low Slope: 0.9966
2025-04-08 23:24:58 [INFO] 2024-06-06 | High Slope: 0.9527, Low Slope: 0.9555
2025-04-08 23:24:58 [INFO] 2024-06-07 | High Slope: 0.9371, Low Slope: 0.9513
2025-04-08 23:24:58 [INFO] 2024-06-10 | High Slope: 0.8974, Low Slope: 0.8948
2025-04-08 23:24:58 [INFO] 2024-06-11 | High Slope: 0.8759, Low Slope: 0.8790
2025-04-08 23:24:58 [INFO] 2024-06-12 | High Slope: 0.8553, Low Slope: 0.8587
2025-04-08 23:24:58 [INFO] 2024-06-13 | High Slope: 0.8604, Low Slope: 0.8441
2025-04-08 23:24:58 [INFO] 2024-06-14 | High Slope: 0.8359, Low Slope: 0.7938
2025-04-08 23:24:58 [INFO] 2024-06-17 | High Slope: 0.7770, Low Slope: 0.7255
2025-04-08 23:24:58 [INFO] 2024-06-18 | High Slope: 0.7837, Low Slope: 0.7121
2025-04-08 23:24:58 [INFO] 2024-06-20 | High Slope: 0.8028, Low Slope: 0.7490
2025-04-08 23:24:58 [INFO] 2024-06-21 | High Slope: 0.8308, Low Slope: 0.7829
2025-04-08 23:24:58 [INFO] 2024-06-24 | High Slope: 0.8219, Low Slope: 0.7926
2025-04-08 23:24:58 [INFO] 2024-06-25 | High Slope: 0.8252, Low Slope: 0.7974
2025-04-08 23:24:58 [INFO] 2024-06-26 | High Slope: 0.8213, Low Slope: 0.8085
2025-04-08 23:24:58 [INFO] 2024-06-27 | High Slope: 0.8136, Low Slope: 0.8136
2025-04-08 23:24:58 [INFO] 2024-06-28 | High Slope: 0.8072, Low Slope: 0.8234
2025-04-08 23:24:58 [INFO] 2024-07-01 | High Slope: 0.8537, Low Slope: 0.8427
2025-04-08 23:24:58 [INFO] 2024-07-02 | High Slope: 0.8722, Low Slope: 0.8736
2025-04-08 23:24:58 [INFO] 2024-07-03 | High Slope: 0.8900, Low Slope: 0.8964
2025-04-08 23:24:58 [INFO] 2024-07-05 | High Slope: 0.9304, Low Slope: 0.9559
2025-04-08 23:24:58 [INFO] 2024-07-08 | High Slope: 0.9814, Low Slope: 1.0212
2025-04-08 23:24:58 [INFO] 2024-07-09 | High Slope: 1.0280, Low Slope: 1.0855
2025-04-08 23:24:58 [INFO] 2024-07-10 | High Slope: 1.0804, Low Slope: 1.1263
2025-04-08 23:24:58 [INFO] 2024-07-11 | High Slope: 1.1309, Low Slope: 1.1755
2025-04-08 23:24:58 [INFO] 2024-07-12 | High Slope: 1.1728, Low Slope: 1.2063
2025-04-08 23:24:58 [INFO] 2024-07-15 | High Slope: 1.1866, Low Slope: 1.2204
2025-04-08 23:24:58 [INFO] 2024-07-16 | High Slope: 1.1768, Low Slope: 1.2079
2025-04-08 23:24:58 [INFO] 2024-07-17 | High Slope: 1.1665, Low Slope: 1.1735
2025-04-08 23:24:58 [INFO] 2024-07-18 | High Slope: 1.1214, Low Slope: 1.1128
2025-04-08 23:24:58 [INFO] 2024-07-19 | High Slope: 1.0544, Low Slope: 1.0129
2025-04-08 23:24:58 [INFO] 2024-07-22 | High Slope: 0.9762, Low Slope: 0.9107
2025-04-08 23:24:58 [INFO] 2024-07-23 | High Slope: 0.9013, Low Slope: 0.8460
2025-04-08 23:24:58 [INFO] 2024-07-24 | High Slope: 0.8363, Low Slope: 0.7859
2025-04-08 23:24:58 [INFO] 2024-07-25 | High Slope: 0.7073, Low Slope: 0.6332
2025-04-08 23:24:58 [INFO] 2024-07-26 | High Slope: 0.5677, Low Slope: 0.4546
2025-04-08 23:24:58 [INFO] 2024-07-29 | High Slope: 0.4695, Low Slope: 0.3549
2025-04-08 23:24:58 [INFO] 2024-07-30 | High Slope: 0.3629, Low Slope: 0.2569
2025-04-08 23:24:58 [INFO] 2024-07-31 | High Slope: 0.2521, Low Slope: 0.1317
2025-04-08 23:24:58 [INFO] 2024-08-01 | High Slope: 0.2169, Low Slope: 0.0762
2025-04-08 23:24:58 [INFO] 2024-08-02 | High Slope: 0.1881, Low Slope: 0.0000
2025-04-08 23:24:58 [INFO] 2024-08-05 | High Slope: 0.0518, Low Slope: -0.1534
2025-04-08 23:24:58 [INFO] 2024-08-06 | High Slope: -0.1838, Low Slope: -0.4203
2025-04-08 23:24:58 [INFO] TRADE - Entry Date: 2024-08-06, Entry: 517.25, Exit: 536.95, Profit: 39.4
2025-04-08 23:24:58 [INFO] 2024-08-07 | High Slope: -0.3612, Low Slope: -0.6268
2025-04-08 23:24:58 [INFO] TRADE - Entry Date: 2024-08-07, Entry: 513.79, Exit: 538.65, Profit: 49.7
2025-04-08 23:24:58 [INFO] 2024-08-08 | High Slope: -0.5313, Low Slope: -0.8226
2025-04-08 23:24:58 [INFO] TRADE - Entry Date: 2024-08-08, Entry: 525.67, Exit: 547.88, Profit: 44.42
2025-04-08 23:24:58 [INFO] 2024-08-09 | High Slope: -0.6902, Low Slope: -0.9793
2025-04-08 23:24:58 [INFO] TRADE - Entry Date: 2024-08-09, Entry: 527.99, Exit: 549.11, Profit: 42.24
2025-04-08 23:24:58 [INFO] 2024-08-12 | High Slope: -0.8171, Low Slope: -1.0729
2025-04-08 23:24:58 [INFO] TRADE - Entry Date: 2024-08-12, Entry: 528.27, Exit: 554.36, Profit: 52.18
2025-04-08 23:24:58 [INFO] 2024-08-13 | High Slope: -0.9079, Low Slope: -1.1556
2025-04-08 23:24:58 [INFO] TRADE - Entry Date: 2024-08-13, Entry: 536.95, Exit: 553.46, Profit: 33.0
2025-04-08 23:24:58 [INFO] 2024-08-14 | High Slope: -0.9806, Low Slope: -1.2018
2025-04-08 23:24:58 [INFO] TRADE - Entry Date: 2024-08-14, Entry: 538.65, Exit: 555.36, Profit: 33.42
2025-04-08 23:24:58 [INFO] 2024-08-15 | High Slope: -1.0131, Low Slope: -1.2130
2025-04-08 23:24:58 [INFO] TRADE - Entry Date: 2024-08-15, Entry: 547.88, Exit: 551.0, Profit: 6.24
2025-04-08 23:24:58 [INFO] 2024-08-16 | High Slope: -0.9709, Low Slope: -1.1325
2025-04-08 23:24:58 [INFO] TRADE - Entry Date: 2024-08-16, Entry: 549.11, Exit: 556.86, Profit: 15.5
2025-04-08 23:24:58 [INFO] 2024-08-19 | High Slope: -0.8968, Low Slope: -1.0201
2025-04-08 23:24:58 [INFO] TRADE - Entry Date: 2024-08-19, Entry: 554.36, Exit: 555.53, Profit: 2.34
2025-04-08 23:24:58 [INFO] 2024-08-20 | High Slope: -0.7851, Low Slope: -0.8701
2025-04-08 23:24:58 [INFO] TRADE - Entry Date: 2024-08-20, Entry: 553.46, Exit: 556.29, Profit: 5.66
2025-04-08 23:24:58 [INFO] 2024-08-21 | High Slope: -0.6607, Low Slope: -0.6887
2025-04-08 23:24:58 [INFO] TRADE - Entry Date: 2024-08-21, Entry: 555.36, Exit: 553.06, Profit: -4.6
2025-04-08 23:24:58 [INFO] 2024-08-22 | High Slope: -0.4991, Low Slope: -0.5161
2025-04-08 23:24:58 [INFO] TRADE - Entry Date: 2024-08-22, Entry: 551.0, Exit: 553.11, Profit: 4.22
2025-04-08 23:24:58 [INFO] 2024-08-23 | High Slope: -0.3264, Low Slope: -0.3475
2025-04-08 23:24:58 [INFO] TRADE - Entry Date: 2024-08-23, Entry: 556.86, Exit: 558.39, Profit: 3.08
2025-04-08 23:24:58 [INFO] 2024-08-26 | High Slope: -0.1455, Low Slope: -0.1548
2025-04-08 23:24:58 [INFO] TRADE - Entry Date: 2024-08-26, Entry: 555.53, Exit: 546.9, Profit: -17.26
2025-04-08 23:24:58 [INFO] 2024-08-27 | High Slope: 0.0490, Low Slope: 0.0661
2025-04-08 23:24:58 [INFO] 2024-08-28 | High Slope: 0.2342, Low Slope: 0.2995
2025-04-08 23:24:58 [INFO] 2024-08-29 | High Slope: 0.3864, Low Slope: 0.4760
2025-04-08 23:24:58 [INFO] 2024-08-30 | High Slope: 0.5443, Low Slope: 0.6247
2025-04-08 23:24:58 [INFO] 2024-09-03 | High Slope: 0.6665, Low Slope: 0.7530
2025-04-08 23:24:58 [INFO] 2024-09-04 | High Slope: 0.7707, Low Slope: 0.8497
2025-04-08 23:24:58 [INFO] 2024-09-05 | High Slope: 0.8417, Low Slope: 0.9621
2025-04-08 23:24:58 [INFO] 2024-09-06 | High Slope: 0.8581, Low Slope: 0.9724
2025-04-08 23:24:58 [INFO] 2024-09-09 | High Slope: 0.8466, Low Slope: 0.9114
2025-04-08 23:24:58 [INFO] 2024-09-10 | High Slope: 0.8066, Low Slope: 0.8978
2025-04-08 23:24:58 [INFO] 2024-09-11 | High Slope: 0.7746, Low Slope: 0.8965
2025-04-08 23:24:58 [INFO] 2024-09-12 | High Slope: 0.7834, Low Slope: 0.8444
2025-04-08 23:24:58 [INFO] 2024-09-13 | High Slope: 0.8565, Low Slope: 0.9352
2025-04-08 23:24:58 [INFO] 2024-09-16 | High Slope: 0.9596, Low Slope: 1.0110
2025-04-08 23:24:58 [INFO] 2024-09-17 | High Slope: 0.9375, Low Slope: 1.0068
2025-04-08 23:24:58 [INFO] 2024-09-18 | High Slope: 0.8344, Low Slope: 0.8693
2025-04-08 23:24:58 [INFO] 2024-09-19 | High Slope: 0.7680, Low Slope: 0.7617
2025-04-08 23:24:58 [INFO] 2024-09-20 | High Slope: 0.7237, Low Slope: 0.6827
2025-04-08 23:24:58 [INFO] 2024-09-23 | High Slope: 0.6476, Low Slope: 0.6001
2025-04-08 23:24:58 [INFO] 2024-09-24 | High Slope: 0.5825, Low Slope: 0.5623
2025-04-08 23:24:58 [INFO] 2024-09-25 | High Slope: 0.5158, Low Slope: 0.5194
2025-04-08 23:24:58 [INFO] 2024-09-26 | High Slope: 0.4807, Low Slope: 0.5044
2025-04-08 23:24:58 [INFO] 2024-09-27 | High Slope: 0.4682, Low Slope: 0.5068
2025-04-08 23:24:58 [INFO] 2024-09-30 | High Slope: 0.4960, Low Slope: 0.5585
2025-04-08 23:24:58 [INFO] 2024-10-01 | High Slope: 0.5263, Low Slope: 0.6012
2025-04-08 23:24:58 [INFO] 2024-10-02 | High Slope: 0.5765, Low Slope: 0.6402
2025-04-08 23:24:58 [INFO] 2024-10-03 | High Slope: 0.6013, Low Slope: 0.6921
2025-04-08 23:24:58 [INFO] 2024-10-04 | High Slope: 0.6294, Low Slope: 0.7233
2025-04-08 23:24:58 [INFO] 2024-10-07 | High Slope: 0.6835, Low Slope: 0.7675
2025-04-08 23:24:58 [INFO] 2024-10-08 | High Slope: 0.7227, Low Slope: 0.8115
2025-04-08 23:24:58 [INFO] 2024-10-09 | High Slope: 0.7746, Low Slope: 0.8812
2025-04-08 23:24:58 [INFO] 2024-10-10 | High Slope: 0.8338, Low Slope: 0.9599
2025-04-08 23:24:58 [INFO] 2024-10-11 | High Slope: 0.8817, Low Slope: 1.0216
2025-04-08 23:24:58 [INFO] 2024-10-14 | High Slope: 0.9533, Low Slope: 1.0977
2025-04-08 23:24:58 [INFO] 2024-10-15 | High Slope: 1.0521, Low Slope: 1.1953
2025-04-08 23:24:58 [INFO] 2024-10-16 | High Slope: 1.1152, Low Slope: 1.2156
2025-04-08 23:24:58 [INFO] 2024-10-17 | High Slope: 1.1100, Low Slope: 1.2247
2025-04-08 23:24:59 [INFO] 2024-10-18 | High Slope: 1.1083, Low Slope: 1.2244
2025-04-08 23:24:59 [INFO] 2024-10-21 | High Slope: 1.0719, Low Slope: 1.1582
2025-04-08 23:24:59 [INFO] 2024-10-22 | High Slope: 0.9898, Low Slope: 1.0816
2025-04-08 23:24:59 [INFO] 2024-10-23 | High Slope: 0.8981, Low Slope: 0.9909
2025-04-08 23:24:59 [INFO] 2024-10-24 | High Slope: 0.8145, Low Slope: 0.8216
2025-04-08 23:24:59 [INFO] 2024-10-25 | High Slope: 0.7356, Low Slope: 0.7374
2025-04-08 23:24:59 [INFO] 2024-10-28 | High Slope: 0.6998, Low Slope: 0.6974
2025-04-08 23:24:59 [INFO] 2024-10-29 | High Slope: 0.6431, Low Slope: 0.6671
2025-04-08 23:24:59 [INFO] 2024-10-30 | High Slope: 0.6019, Low Slope: 0.6197
2025-04-08 23:24:59 [INFO] 2024-10-31 | High Slope: 0.5698, Low Slope: 0.5695
2025-04-08 23:24:59 [INFO] 2024-11-01 | High Slope: 0.5098, Low Slope: 0.4903
2025-04-08 23:24:59 [INFO] 2024-11-04 | High Slope: 0.4349, Low Slope: 0.4162
2025-04-08 23:24:59 [INFO] 2024-11-05 | High Slope: 0.3446, Low Slope: 0.3422
2025-04-08 23:24:59 [INFO] 2024-11-06 | High Slope: 0.2876, Low Slope: 0.2817
2025-04-08 23:24:59 [INFO] 2024-11-07 | High Slope: 0.3292, Low Slope: 0.3243
2025-04-08 23:24:59 [INFO] 2024-11-08 | High Slope: 0.4116, Low Slope: 0.4151
2025-04-08 23:24:59 [INFO] 2024-11-11 | High Slope: 0.5000, Low Slope: 0.5196
2025-04-08 23:24:59 [INFO] 2024-11-12 | High Slope: 0.5817, Low Slope: 0.6020
2025-04-08 23:24:59 [INFO] 2024-11-13 | High Slope: 0.6442, Low Slope: 0.6405
2025-04-08 23:24:59 [INFO] 2024-11-14 | High Slope: 0.6666, Low Slope: 0.6653
2025-04-08 23:24:59 [INFO] 2024-11-15 | High Slope: 0.6663, Low Slope: 0.6636
2025-04-08 23:24:59 [INFO] 2024-11-18 | High Slope: 0.6292, Low Slope: 0.6114
2025-04-08 23:24:59 [INFO] 2024-11-19 | High Slope: 0.5705, Low Slope: 0.5517
2025-04-08 23:24:59 [INFO] 2024-11-20 | High Slope: 0.5265, Low Slope: 0.4952
2025-04-08 23:24:59 [INFO] 2024-11-21 | High Slope: 0.5002, Low Slope: 0.4569
2025-04-08 23:24:59 [INFO] 2024-11-22 | High Slope: 0.4949, Low Slope: 0.4445
2025-04-08 23:24:59 [INFO] 2024-11-25 | High Slope: 0.5074, Low Slope: 0.4727
2025-04-08 23:24:59 [INFO] 2024-11-26 | High Slope: 0.5769, Low Slope: 0.5395
2025-04-08 23:24:59 [INFO] 2024-11-27 | High Slope: 0.6399, Low Slope: 0.6032
2025-04-08 23:24:59 [INFO] 2024-11-29 | High Slope: 0.6785, Low Slope: 0.6562
2025-04-08 23:24:59 [INFO] 2024-12-02 | High Slope: 0.7477, Low Slope: 0.7364
2025-04-08 23:24:59 [INFO] 2024-12-03 | High Slope: 0.8104, Low Slope: 0.8317
2025-04-08 23:24:59 [INFO] 2024-12-04 | High Slope: 0.8601, Low Slope: 0.9038
2025-04-08 23:24:59 [INFO] 2024-12-05 | High Slope: 0.9229, Low Slope: 0.9815
2025-04-08 23:24:59 [INFO] 2024-12-06 | High Slope: 0.9598, Low Slope: 1.0161
2025-04-08 23:24:59 [INFO] 2024-12-09 | High Slope: 0.9774, Low Slope: 1.0560
2025-04-08 23:24:59 [INFO] 2024-12-10 | High Slope: 1.0046, Low Slope: 1.0740
2025-04-08 23:24:59 [INFO] 2024-12-11 | High Slope: 0.9962, Low Slope: 1.0847
2025-04-08 23:24:59 [INFO] 2024-12-12 | High Slope: 0.9958, Low Slope: 1.0931
2025-04-08 23:24:59 [INFO] 2024-12-13 | High Slope: 0.9789, Low Slope: 1.0879
2025-04-08 23:24:59 [INFO] 2024-12-16 | High Slope: 0.8984, Low Slope: 0.9875
2025-04-08 23:24:59 [INFO] 2024-12-17 | High Slope: 0.8077, Low Slope: 0.9023
2025-04-08 23:24:59 [INFO] 2024-12-18 | High Slope: 0.6651, Low Slope: 0.7683
2025-04-08 23:24:59 [INFO] 2024-12-19 | High Slope: 0.5451, Low Slope: 0.5277
2025-04-08 23:24:59 [INFO] 2024-12-20 | High Slope: 0.4301, Low Slope: 0.3821
2025-04-08 23:24:59 [INFO] SUMMARY - Total Trades: 33, Total Profit: $585.84, Win Rate: 87.88%
2025-04-08 23:28:02 [INFO] 2024-03-14 | High Slope: 0.8916, Low Slope: 0.8872
2025-04-08 23:28:02 [INFO] 2024-03-15 | High Slope: 0.8630, Low Slope: 0.8371
2025-04-08 23:28:02 [INFO] 2024-03-18 | High Slope: 0.7987, Low Slope: 0.7673
2025-04-08 23:28:02 [INFO] 2024-03-19 | High Slope: 0.7942, Low Slope: 0.7510
2025-04-08 23:28:02 [INFO] 2024-03-20 | High Slope: 0.7726, Low Slope: 0.7218
2025-04-08 23:28:02 [INFO] 2024-03-21 | High Slope: 0.7697, Low Slope: 0.7203
2025-04-08 23:28:02 [INFO] 2024-03-22 | High Slope: 0.8055, Low Slope: 0.7740
2025-04-08 23:28:02 [INFO] 2024-03-25 | High Slope: 0.8210, Low Slope: 0.8222
2025-04-08 23:28:02 [INFO] 2024-03-26 | High Slope: 0.8347, Low Slope: 0.8591
2025-04-08 23:28:02 [INFO] 2024-03-27 | High Slope: 0.8558, Low Slope: 0.8902
2025-04-08 23:28:02 [INFO] 2024-03-28 | High Slope: 0.8352, Low Slope: 0.8549
2025-04-08 23:28:02 [INFO] 2024-04-01 | High Slope: 0.8247, Low Slope: 0.8523
2025-04-08 23:28:02 [INFO] 2024-04-02 | High Slope: 0.8222, Low Slope: 0.8548
2025-04-08 23:28:02 [INFO] 2024-04-03 | High Slope: 0.7793, Low Slope: 0.8180
2025-04-08 23:28:02 [INFO] 2024-04-04 | High Slope: 0.7110, Low Slope: 0.7511
2025-04-08 23:28:02 [INFO] 2024-04-05 | High Slope: 0.6437, Low Slope: 0.6361
2025-04-08 23:28:02 [INFO] 2024-04-08 | High Slope: 0.6176, Low Slope: 0.5841
2025-04-08 23:28:02 [INFO] 2024-04-09 | High Slope: 0.5951, Low Slope: 0.5790
2025-04-08 23:28:02 [INFO] 2024-04-10 | High Slope: 0.5618, Low Slope: 0.5375
2025-04-08 23:28:02 [INFO] 2024-04-11 | High Slope: 0.4824, Low Slope: 0.4696
2025-04-08 23:28:02 [INFO] 2024-04-12 | High Slope: 0.4175, Low Slope: 0.3992
2025-04-08 23:28:02 [INFO] 2024-04-15 | High Slope: 0.3426, Low Slope: 0.3086
2025-04-08 23:28:02 [INFO] 2024-04-16 | High Slope: 0.2852, Low Slope: 0.2023
2025-04-08 23:28:02 [INFO] 2024-04-17 | High Slope: 0.1763, Low Slope: 0.1122
2025-04-08 23:28:02 [INFO] 2024-04-18 | High Slope: 0.0445, Low Slope: -0.0421
2025-04-08 23:28:02 [INFO] 2024-04-19 | High Slope: -0.0901, Low Slope: -0.1744
2025-04-08 23:28:02 [INFO] TRADE - Entry Date: 2024-04-19, Entry: 488.94, Exit: 501.87, Profit: 258.8
2025-04-08 23:28:02 [INFO] 2024-04-22 | High Slope: -0.2192, Low Slope: -0.3234
2025-04-08 23:28:02 [INFO] TRADE - Entry Date: 2024-04-22, Entry: 493.44, Exit: 503.65, Profit: 204.2
2025-04-08 23:28:02 [INFO] 2024-04-23 | High Slope: -0.3143, Low Slope: -0.4472
2025-04-08 23:28:02 [INFO] TRADE - Entry Date: 2024-04-23, Entry: 499.3, Exit: 495.67, Profit: -72.4
2025-04-08 23:28:02 [INFO] 2024-04-24 | High Slope: -0.4225, Low Slope: -0.5566
2025-04-08 23:28:02 [INFO] TRADE - Entry Date: 2024-04-24, Entry: 499.06, Exit: 494.06, Profit: -100.0
2025-04-08 23:28:02 [INFO] 2024-04-25 | High Slope: -0.4834, Low Slope: -0.6237
2025-04-08 23:28:02 [INFO] TRADE - Entry Date: 2024-04-25, Entry: 497.16, Exit: 498.68, Profit: 30.4
2025-04-08 23:28:02 [INFO] 2024-04-26 | High Slope: -0.5609, Low Slope: -0.6994
2025-04-08 23:28:02 [INFO] TRADE - Entry Date: 2024-04-26, Entry: 501.87, Exit: 504.86, Profit: 59.8
2025-04-08 23:28:02 [INFO] 2024-04-29 | High Slope: -0.5988, Low Slope: -0.7342
2025-04-08 23:28:02 [INFO] TRADE - Entry Date: 2024-04-29, Entry: 503.65, Exit: 510.08, Profit: 128.6
2025-04-08 23:28:02 [INFO] 2024-04-30 | High Slope: -0.6547, Low Slope: -0.7715
2025-04-08 23:28:02 [INFO] TRADE - Entry Date: 2024-04-30, Entry: 495.67, Exit: 510.64, Profit: 314.37
2025-04-08 23:28:02 [INFO] 2024-05-01 | High Slope: -0.6920, Low Slope: -0.8126
2025-04-08 23:28:02 [INFO] TRADE - Entry Date: 2024-05-01, Entry: 494.06, Exit: 510.69, Profit: 349.23
2025-04-08 23:28:02 [INFO] 2024-05-02 | High Slope: -0.7319, Low Slope: -0.8715
2025-04-08 23:28:02 [INFO] TRADE - Entry Date: 2024-05-02, Entry: 498.68, Exit: 513.63, Profit: 328.9
2025-04-08 23:28:02 [INFO] 2024-05-03 | High Slope: -0.7516, Low Slope: -0.9006
2025-04-08 23:28:02 [INFO] TRADE - Entry Date: 2024-05-03, Entry: 504.86, Exit: 514.29, Profit: 207.46
2025-04-08 23:28:02 [INFO] 2024-05-06 | High Slope: -0.6986, Low Slope: -0.8189
2025-04-08 23:28:02 [INFO] TRADE - Entry Date: 2024-05-06, Entry: 510.08, Exit: 514.36, Profit: 94.38
2025-04-08 23:28:02 [INFO] 2024-05-07 | High Slope: -0.6249, Low Slope: -0.7076
2025-04-08 23:28:02 [INFO] TRADE - Entry Date: 2024-05-07, Entry: 510.64, Exit: 516.72, Profit: 139.84
2025-04-08 23:28:02 [INFO] 2024-05-08 | High Slope: -0.5473, Low Slope: -0.5820
2025-04-08 23:28:02 [INFO] TRADE - Entry Date: 2024-05-08, Entry: 510.69, Exit: 523.12, Profit: 285.89
2025-04-08 23:28:02 [INFO] 2024-05-09 | High Slope: -0.4698, Low Slope: -0.4717
2025-04-08 23:28:02 [INFO] TRADE - Entry Date: 2024-05-09, Entry: 513.63, Exit: 522.05, Profit: 193.43
2025-04-08 23:28:02 [INFO] 2024-05-10 | High Slope: -0.3637, Low Slope: -0.3425
2025-04-08 23:28:02 [INFO] TRADE - Entry Date: 2024-05-10, Entry: 514.29, Exit: 522.8, Profit: 204.0
2025-04-08 23:28:02 [INFO] 2024-05-13 | High Slope: -0.2312, Low Slope: -0.1714
2025-04-08 23:28:02 [INFO] TRADE - Entry Date: 2024-05-13, Entry: 514.36, Exit: 523.4, Profit: 216.96
2025-04-08 23:28:02 [INFO] 2024-05-14 | High Slope: -0.0993, Low Slope: -0.0102
2025-04-08 23:28:02 [INFO] TRADE - Entry Date: 2024-05-14, Entry: 516.72, Exit: 524.68, Profit: 191.04
2025-04-08 23:28:02 [INFO] 2024-05-15 | High Slope: 0.0040, Low Slope: 0.1262
2025-04-08 23:28:02 [INFO] 2024-05-16 | High Slope: 0.1584, Low Slope: 0.2983
2025-04-08 23:28:02 [INFO] 2024-05-17 | High Slope: 0.3379, Low Slope: 0.4551
2025-04-08 23:28:02 [INFO] 2024-05-20 | High Slope: 0.4778, Low Slope: 0.6057
2025-04-08 23:28:02 [INFO] 2024-05-21 | High Slope: 0.6251, Low Slope: 0.7886
2025-04-08 23:28:02 [INFO] 2024-05-22 | High Slope: 0.7709, Low Slope: 0.9419
2025-04-08 23:28:02 [INFO] 2024-05-23 | High Slope: 0.8799, Low Slope: 1.0639
2025-04-08 23:28:02 [INFO] 2024-05-24 | High Slope: 1.0155, Low Slope: 1.1607
2025-04-08 23:28:02 [INFO] 2024-05-28 | High Slope: 1.1025, Low Slope: 1.2453
2025-04-08 23:28:02 [INFO] 2024-05-29 | High Slope: 1.1810, Low Slope: 1.2861
2025-04-08 23:28:02 [INFO] 2024-05-30 | High Slope: 1.1726, Low Slope: 1.2961
2025-04-08 23:28:02 [INFO] 2024-05-31 | High Slope: 1.1397, Low Slope: 1.2491
2025-04-08 23:28:02 [INFO] 2024-06-03 | High Slope: 1.0988, Low Slope: 1.1697
2025-04-08 23:28:02 [INFO] 2024-06-04 | High Slope: 1.0342, Low Slope: 1.0766
2025-04-08 23:28:02 [INFO] 2024-06-05 | High Slope: 0.9690, Low Slope: 0.9966
2025-04-08 23:28:02 [INFO] 2024-06-06 | High Slope: 0.9526, Low Slope: 0.9555
2025-04-08 23:28:02 [INFO] 2024-06-07 | High Slope: 0.9371, Low Slope: 0.9513
2025-04-08 23:28:02 [INFO] 2024-06-10 | High Slope: 0.8974, Low Slope: 0.8948
2025-04-08 23:28:02 [INFO] 2024-06-11 | High Slope: 0.8759, Low Slope: 0.8790
2025-04-08 23:28:02 [INFO] 2024-06-12 | High Slope: 0.8553, Low Slope: 0.8587
2025-04-08 23:28:02 [INFO] 2024-06-13 | High Slope: 0.8604, Low Slope: 0.8441
2025-04-08 23:28:02 [INFO] 2024-06-14 | High Slope: 0.8359, Low Slope: 0.7938
2025-04-08 23:28:02 [INFO] 2024-06-17 | High Slope: 0.7770, Low Slope: 0.7255
2025-04-08 23:28:02 [INFO] 2024-06-18 | High Slope: 0.7837, Low Slope: 0.7121
2025-04-08 23:28:02 [INFO] 2024-06-20 | High Slope: 0.8028, Low Slope: 0.7490
2025-04-08 23:28:02 [INFO] 2024-06-21 | High Slope: 0.8308, Low Slope: 0.7829
2025-04-08 23:28:02 [INFO] 2024-06-24 | High Slope: 0.8219, Low Slope: 0.7926
2025-04-08 23:28:02 [INFO] 2024-06-25 | High Slope: 0.8252, Low Slope: 0.7974
2025-04-08 23:28:02 [INFO] 2024-06-26 | High Slope: 0.8213, Low Slope: 0.8085
2025-04-08 23:28:02 [INFO] 2024-06-27 | High Slope: 0.8136, Low Slope: 0.8136
2025-04-08 23:28:02 [INFO] 2024-06-28 | High Slope: 0.8072, Low Slope: 0.8234
2025-04-08 23:28:02 [INFO] 2024-07-01 | High Slope: 0.8537, Low Slope: 0.8427
2025-04-08 23:28:02 [INFO] 2024-07-02 | High Slope: 0.8722, Low Slope: 0.8736
2025-04-08 23:28:02 [INFO] 2024-07-03 | High Slope: 0.8900, Low Slope: 0.8964
2025-04-08 23:28:02 [INFO] 2024-07-05 | High Slope: 0.9304, Low Slope: 0.9559
2025-04-08 23:28:02 [INFO] 2024-07-08 | High Slope: 0.9814, Low Slope: 1.0212
2025-04-08 23:28:02 [INFO] 2024-07-09 | High Slope: 1.0280, Low Slope: 1.0855
2025-04-08 23:28:02 [INFO] 2024-07-10 | High Slope: 1.0804, Low Slope: 1.1263
2025-04-08 23:28:02 [INFO] 2024-07-11 | High Slope: 1.1309, Low Slope: 1.1755
2025-04-08 23:28:02 [INFO] 2024-07-12 | High Slope: 1.1728, Low Slope: 1.2063
2025-04-08 23:28:02 [INFO] 2024-07-15 | High Slope: 1.1866, Low Slope: 1.2204
2025-04-08 23:28:02 [INFO] 2024-07-16 | High Slope: 1.1768, Low Slope: 1.2079
2025-04-08 23:28:02 [INFO] 2024-07-17 | High Slope: 1.1665, Low Slope: 1.1735
2025-04-08 23:28:02 [INFO] 2024-07-18 | High Slope: 1.1214, Low Slope: 1.1128
2025-04-08 23:28:02 [INFO] 2024-07-19 | High Slope: 1.0544, Low Slope: 1.0129
2025-04-08 23:28:02 [INFO] 2024-07-22 | High Slope: 0.9762, Low Slope: 0.9107
2025-04-08 23:28:02 [INFO] 2024-07-23 | High Slope: 0.9013, Low Slope: 0.8460
2025-04-08 23:28:02 [INFO] 2024-07-24 | High Slope: 0.8363, Low Slope: 0.7859
2025-04-08 23:28:02 [INFO] 2024-07-25 | High Slope: 0.7073, Low Slope: 0.6332
2025-04-08 23:28:02 [INFO] 2024-07-26 | High Slope: 0.5677, Low Slope: 0.4546
2025-04-08 23:28:02 [INFO] 2024-07-29 | High Slope: 0.4695, Low Slope: 0.3549
2025-04-08 23:28:02 [INFO] 2024-07-30 | High Slope: 0.3629, Low Slope: 0.2569
2025-04-08 23:28:02 [INFO] 2024-07-31 | High Slope: 0.2521, Low Slope: 0.1317
2025-04-08 23:28:02 [INFO] 2024-08-01 | High Slope: 0.2169, Low Slope: 0.0762
2025-04-08 23:28:02 [INFO] 2024-08-02 | High Slope: 0.1881, Low Slope: 0.0000
2025-04-08 23:28:02 [INFO] 2024-08-05 | High Slope: 0.0518, Low Slope: -0.1534
2025-04-08 23:28:02 [INFO] 2024-08-06 | High Slope: -0.1838, Low Slope: -0.4203
2025-04-08 23:28:02 [INFO] TRADE - Entry Date: 2024-08-06, Entry: 517.25, Exit: 536.95, Profit: 492.5
2025-04-08 23:28:02 [INFO] 2024-08-07 | High Slope: -0.3612, Low Slope: -0.6268
2025-04-08 23:28:02 [INFO] TRADE - Entry Date: 2024-08-07, Entry: 513.79, Exit: 538.65, Profit: 646.1
2025-04-08 23:28:02 [INFO] 2024-08-08 | High Slope: -0.5313, Low Slope: -0.8226
2025-04-08 23:28:02 [INFO] TRADE - Entry Date: 2024-08-08, Entry: 525.67, Exit: 547.88, Profit: 577.46
2025-04-08 23:28:02 [INFO] 2024-08-09 | High Slope: -0.6902, Low Slope: -0.9793
2025-04-08 23:28:02 [INFO] TRADE - Entry Date: 2024-08-09, Entry: 527.99, Exit: 549.11, Profit: 570.24
2025-04-08 23:28:02 [INFO] 2024-08-12 | High Slope: -0.8171, Low Slope: -1.0729
2025-04-08 23:28:02 [INFO] TRADE - Entry Date: 2024-08-12, Entry: 528.27, Exit: 554.36, Profit: 756.61
2025-04-08 23:28:02 [INFO] 2024-08-13 | High Slope: -0.9079, Low Slope: -1.1556
2025-04-08 23:28:02 [INFO] TRADE - Entry Date: 2024-08-13, Entry: 536.95, Exit: 553.46, Profit: 478.5
2025-04-08 23:28:02 [INFO] 2024-08-14 | High Slope: -0.9806, Low Slope: -1.2018
2025-04-08 23:28:02 [INFO] TRADE - Entry Date: 2024-08-14, Entry: 538.65, Exit: 555.36, Profit: 501.3
2025-04-08 23:28:02 [INFO] 2024-08-15 | High Slope: -1.0131, Low Slope: -1.2130
2025-04-08 23:28:02 [INFO] TRADE - Entry Date: 2024-08-15, Entry: 547.88, Exit: 551.0, Profit: 96.72
2025-04-08 23:28:02 [INFO] 2024-08-16 | High Slope: -0.9709, Low Slope: -1.1325
2025-04-08 23:28:02 [INFO] TRADE - Entry Date: 2024-08-16, Entry: 549.11, Exit: 556.86, Profit: 240.25
2025-04-08 23:28:02 [INFO] 2024-08-19 | High Slope: -0.8968, Low Slope: -1.0201
2025-04-08 23:28:02 [INFO] TRADE - Entry Date: 2024-08-19, Entry: 554.36, Exit: 555.53, Profit: 36.27
2025-04-08 23:28:02 [INFO] 2024-08-20 | High Slope: -0.7851, Low Slope: -0.8701
2025-04-08 23:28:02 [INFO] TRADE - Entry Date: 2024-08-20, Entry: 553.46, Exit: 556.29, Profit: 87.73
2025-04-08 23:28:02 [INFO] 2024-08-21 | High Slope: -0.6607, Low Slope: -0.6887
2025-04-08 23:28:02 [INFO] TRADE - Entry Date: 2024-08-21, Entry: 555.36, Exit: 553.06, Profit: -71.3
2025-04-08 23:28:02 [INFO] 2024-08-22 | High Slope: -0.4991, Low Slope: -0.5161
2025-04-08 23:28:02 [INFO] TRADE - Entry Date: 2024-08-22, Entry: 551.0, Exit: 553.11, Profit: 65.41
2025-04-08 23:28:02 [INFO] 2024-08-23 | High Slope: -0.3264, Low Slope: -0.3475
2025-04-08 23:28:02 [INFO] TRADE - Entry Date: 2024-08-23, Entry: 556.86, Exit: 558.39, Profit: 47.74
2025-04-08 23:28:02 [INFO] 2024-08-26 | High Slope: -0.1455, Low Slope: -0.1548
2025-04-08 23:28:02 [INFO] TRADE - Entry Date: 2024-08-26, Entry: 555.53, Exit: 546.9, Profit: -267.53
2025-04-08 23:28:02 [INFO] 2024-08-27 | High Slope: 0.0490, Low Slope: 0.0661
2025-04-08 23:28:02 [INFO] 2024-08-28 | High Slope: 0.2342, Low Slope: 0.2995
2025-04-08 23:28:02 [INFO] 2024-08-29 | High Slope: 0.3864, Low Slope: 0.4760
2025-04-08 23:28:02 [INFO] 2024-08-30 | High Slope: 0.5443, Low Slope: 0.6247
2025-04-08 23:28:02 [INFO] 2024-09-03 | High Slope: 0.6665, Low Slope: 0.7530
2025-04-08 23:28:02 [INFO] 2024-09-04 | High Slope: 0.7707, Low Slope: 0.8497
2025-04-08 23:28:02 [INFO] 2024-09-05 | High Slope: 0.8417, Low Slope: 0.9621
2025-04-08 23:28:02 [INFO] 2024-09-06 | High Slope: 0.8581, Low Slope: 0.9724
2025-04-08 23:28:02 [INFO] 2024-09-09 | High Slope: 0.8466, Low Slope: 0.9114
2025-04-08 23:28:02 [INFO] 2024-09-10 | High Slope: 0.8066, Low Slope: 0.8978
2025-04-08 23:28:02 [INFO] 2024-09-11 | High Slope: 0.7746, Low Slope: 0.8965
2025-04-08 23:28:02 [INFO] 2024-09-12 | High Slope: 0.7834, Low Slope: 0.8444
2025-04-08 23:28:02 [INFO] 2024-09-13 | High Slope: 0.8565, Low Slope: 0.9352
2025-04-08 23:28:02 [INFO] 2024-09-16 | High Slope: 0.9596, Low Slope: 1.0110
2025-04-08 23:28:02 [INFO] 2024-09-17 | High Slope: 0.9375, Low Slope: 1.0068
2025-04-08 23:28:02 [INFO] 2024-09-18 | High Slope: 0.8344, Low Slope: 0.8693
2025-04-08 23:28:02 [INFO] 2024-09-19 | High Slope: 0.7680, Low Slope: 0.7617
2025-04-08 23:28:02 [INFO] 2024-09-20 | High Slope: 0.7237, Low Slope: 0.6827
2025-04-08 23:28:02 [INFO] 2024-09-23 | High Slope: 0.6476, Low Slope: 0.6001
2025-04-08 23:28:02 [INFO] 2024-09-24 | High Slope: 0.5825, Low Slope: 0.5623
2025-04-08 23:28:02 [INFO] 2024-09-25 | High Slope: 0.5158, Low Slope: 0.5194
2025-04-08 23:28:02 [INFO] 2024-09-26 | High Slope: 0.4807, Low Slope: 0.5044
2025-04-08 23:28:02 [INFO] 2024-09-27 | High Slope: 0.4682, Low Slope: 0.5068
2025-04-08 23:28:02 [INFO] 2024-09-30 | High Slope: 0.4960, Low Slope: 0.5585
2025-04-08 23:28:02 [INFO] 2024-10-01 | High Slope: 0.5263, Low Slope: 0.6012
2025-04-08 23:28:02 [INFO] 2024-10-02 | High Slope: 0.5765, Low Slope: 0.6402
2025-04-08 23:28:02 [INFO] 2024-10-03 | High Slope: 0.6013, Low Slope: 0.6921
2025-04-08 23:28:02 [INFO] 2024-10-04 | High Slope: 0.6294, Low Slope: 0.7233
2025-04-08 23:28:02 [INFO] 2024-10-07 | High Slope: 0.6835, Low Slope: 0.7675
2025-04-08 23:28:02 [INFO] 2024-10-08 | High Slope: 0.7227, Low Slope: 0.8115
2025-04-08 23:28:02 [INFO] 2024-10-09 | High Slope: 0.7746, Low Slope: 0.8812
2025-04-08 23:28:02 [INFO] 2024-10-10 | High Slope: 0.8338, Low Slope: 0.9599
2025-04-08 23:28:02 [INFO] 2024-10-11 | High Slope: 0.8817, Low Slope: 1.0216
2025-04-08 23:28:02 [INFO] 2024-10-14 | High Slope: 0.9533, Low Slope: 1.0977
2025-04-08 23:28:02 [INFO] 2024-10-15 | High Slope: 1.0521, Low Slope: 1.1953
2025-04-08 23:28:02 [INFO] 2024-10-16 | High Slope: 1.1152, Low Slope: 1.2156
2025-04-08 23:28:02 [INFO] 2024-10-17 | High Slope: 1.1100, Low Slope: 1.2247
2025-04-08 23:28:02 [INFO] 2024-10-18 | High Slope: 1.1083, Low Slope: 1.2244
2025-04-08 23:28:02 [INFO] 2024-10-21 | High Slope: 1.0719, Low Slope: 1.1582
2025-04-08 23:28:02 [INFO] 2024-10-22 | High Slope: 0.9898, Low Slope: 1.0816
2025-04-08 23:28:02 [INFO] 2024-10-23 | High Slope: 0.8981, Low Slope: 0.9909
2025-04-08 23:28:02 [INFO] 2024-10-24 | High Slope: 0.8145, Low Slope: 0.8216
2025-04-08 23:28:02 [INFO] 2024-10-25 | High Slope: 0.7356, Low Slope: 0.7374
2025-04-08 23:28:02 [INFO] 2024-10-28 | High Slope: 0.6998, Low Slope: 0.6974
2025-04-08 23:28:02 [INFO] 2024-10-29 | High Slope: 0.6431, Low Slope: 0.6671
2025-04-08 23:28:02 [INFO] 2024-10-30 | High Slope: 0.6019, Low Slope: 0.6197
2025-04-08 23:28:02 [INFO] 2024-10-31 | High Slope: 0.5698, Low Slope: 0.5695
2025-04-08 23:28:02 [INFO] 2024-11-01 | High Slope: 0.5098, Low Slope: 0.4903
2025-04-08 23:28:02 [INFO] 2024-11-04 | High Slope: 0.4349, Low Slope: 0.4162
2025-04-08 23:28:02 [INFO] 2024-11-05 | High Slope: 0.3446, Low Slope: 0.3422
2025-04-08 23:28:02 [INFO] 2024-11-06 | High Slope: 0.2876, Low Slope: 0.2817
2025-04-08 23:28:02 [INFO] 2024-11-07 | High Slope: 0.3292, Low Slope: 0.3243
2025-04-08 23:28:02 [INFO] 2024-11-08 | High Slope: 0.4116, Low Slope: 0.4151
2025-04-08 23:28:02 [INFO] 2024-11-11 | High Slope: 0.5000, Low Slope: 0.5196
2025-04-08 23:28:02 [INFO] 2024-11-12 | High Slope: 0.5817, Low Slope: 0.6020
2025-04-08 23:28:02 [INFO] 2024-11-13 | High Slope: 0.6442, Low Slope: 0.6405
2025-04-08 23:28:02 [INFO] 2024-11-14 | High Slope: 0.6666, Low Slope: 0.6653
2025-04-08 23:28:02 [INFO] 2024-11-15 | High Slope: 0.6663, Low Slope: 0.6636
2025-04-08 23:28:02 [INFO] 2024-11-18 | High Slope: 0.6292, Low Slope: 0.6114
2025-04-08 23:28:02 [INFO] 2024-11-19 | High Slope: 0.5705, Low Slope: 0.5517
2025-04-08 23:28:02 [INFO] 2024-11-20 | High Slope: 0.5265, Low Slope: 0.4952
2025-04-08 23:28:02 [INFO] 2024-11-21 | High Slope: 0.5002, Low Slope: 0.4569
2025-04-08 23:28:02 [INFO] 2024-11-22 | High Slope: 0.4949, Low Slope: 0.4445
2025-04-08 23:28:02 [INFO] 2024-11-25 | High Slope: 0.5074, Low Slope: 0.4727
2025-04-08 23:28:02 [INFO] 2024-11-26 | High Slope: 0.5769, Low Slope: 0.5395
2025-04-08 23:28:02 [INFO] 2024-11-27 | High Slope: 0.6399, Low Slope: 0.6032
2025-04-08 23:28:02 [INFO] 2024-11-29 | High Slope: 0.6785, Low Slope: 0.6562
2025-04-08 23:28:02 [INFO] 2024-12-02 | High Slope: 0.7477, Low Slope: 0.7364
2025-04-08 23:28:02 [INFO] 2024-12-03 | High Slope: 0.8104, Low Slope: 0.8317
2025-04-08 23:28:02 [INFO] 2024-12-04 | High Slope: 0.8601, Low Slope: 0.9038
2025-04-08 23:28:02 [INFO] 2024-12-05 | High Slope: 0.9229, Low Slope: 0.9815
2025-04-08 23:28:02 [INFO] 2024-12-06 | High Slope: 0.9598, Low Slope: 1.0161
2025-04-08 23:28:02 [INFO] 2024-12-09 | High Slope: 0.9774, Low Slope: 1.0560
2025-04-08 23:28:02 [INFO] 2024-12-10 | High Slope: 1.0046, Low Slope: 1.0740
2025-04-08 23:28:02 [INFO] 2024-12-11 | High Slope: 0.9962, Low Slope: 1.0847
2025-04-08 23:28:02 [INFO] 2024-12-12 | High Slope: 0.9958, Low Slope: 1.0931
2025-04-08 23:28:02 [INFO] 2024-12-13 | High Slope: 0.9789, Low Slope: 1.0879
2025-04-08 23:28:02 [INFO] 2024-12-16 | High Slope: 0.8984, Low Slope: 0.9875
2025-04-08 23:28:02 [INFO] 2024-12-17 | High Slope: 0.8077, Low Slope: 0.9023
2025-04-08 23:28:02 [INFO] 2024-12-18 | High Slope: 0.6651, Low Slope: 0.7683
2025-04-08 23:28:02 [INFO] 2024-12-19 | High Slope: 0.5451, Low Slope: 0.5277
2025-04-08 23:28:02 [INFO] 2024-12-20 | High Slope: 0.4301, Low Slope: 0.3821
2025-04-08 23:28:02 [INFO] SUMMARY - Total Trades: 33, Total Profit: $7292.9, Win Rate: 87.88%
2025-04-08 23:28:19 [INFO] 2024-03-14 | High Slope: 0.8916, Low Slope: 0.8872
2025-04-08 23:28:19 [INFO] 2024-03-15 | High Slope: 0.8630, Low Slope: 0.8371
2025-04-08 23:28:19 [INFO] 2024-03-18 | High Slope: 0.7987, Low Slope: 0.7673
2025-04-08 23:28:19 [INFO] 2024-03-19 | High Slope: 0.7942, Low Slope: 0.7510
2025-04-08 23:28:19 [INFO] 2024-03-20 | High Slope: 0.7726, Low Slope: 0.7218
2025-04-08 23:28:19 [INFO] 2024-03-21 | High Slope: 0.7697, Low Slope: 0.7203
2025-04-08 23:28:19 [INFO] 2024-03-22 | High Slope: 0.8055, Low Slope: 0.7740
2025-04-08 23:28:19 [INFO] 2024-03-25 | High Slope: 0.8210, Low Slope: 0.8222
2025-04-08 23:28:19 [INFO] 2024-03-26 | High Slope: 0.8347, Low Slope: 0.8591
2025-04-08 23:28:19 [INFO] 2024-03-27 | High Slope: 0.8558, Low Slope: 0.8902
2025-04-08 23:28:19 [INFO] 2024-03-28 | High Slope: 0.8352, Low Slope: 0.8549
2025-04-08 23:28:19 [INFO] 2024-04-01 | High Slope: 0.8247, Low Slope: 0.8523
2025-04-08 23:28:19 [INFO] 2024-04-02 | High Slope: 0.8222, Low Slope: 0.8548
2025-04-08 23:28:19 [INFO] 2024-04-03 | High Slope: 0.7793, Low Slope: 0.8180
2025-04-08 23:28:19 [INFO] 2024-04-04 | High Slope: 0.7110, Low Slope: 0.7511
2025-04-08 23:28:19 [INFO] 2024-04-05 | High Slope: 0.6437, Low Slope: 0.6361
2025-04-08 23:28:19 [INFO] 2024-04-08 | High Slope: 0.6176, Low Slope: 0.5841
2025-04-08 23:28:19 [INFO] 2024-04-09 | High Slope: 0.5951, Low Slope: 0.5790
2025-04-08 23:28:19 [INFO] 2024-04-10 | High Slope: 0.5618, Low Slope: 0.5375
2025-04-08 23:28:19 [INFO] 2024-04-11 | High Slope: 0.4824, Low Slope: 0.4696
2025-04-08 23:28:19 [INFO] 2024-04-12 | High Slope: 0.4175, Low Slope: 0.3992
2025-04-08 23:28:19 [INFO] 2024-04-15 | High Slope: 0.3426, Low Slope: 0.3086
2025-04-08 23:28:19 [INFO] 2024-04-16 | High Slope: 0.2852, Low Slope: 0.2023
2025-04-08 23:28:19 [INFO] 2024-04-17 | High Slope: 0.1763, Low Slope: 0.1122
2025-04-08 23:28:19 [INFO] 2024-04-18 | High Slope: 0.0445, Low Slope: -0.0421
2025-04-08 23:28:19 [INFO] 2024-04-19 | High Slope: -0.0901, Low Slope: -0.1744
2025-04-08 23:28:19 [INFO] TRADE - Entry Date: 2024-04-19, Entry: 488.94, Exit: 501.87, Profit: 25.88
2025-04-08 23:28:19 [INFO] 2024-04-22 | High Slope: -0.2192, Low Slope: -0.3234
2025-04-08 23:28:19 [INFO] TRADE - Entry Date: 2024-04-22, Entry: 493.44, Exit: 503.65, Profit: 20.42
2025-04-08 23:28:19 [INFO] 2024-04-23 | High Slope: -0.3143, Low Slope: -0.4472
2025-04-08 23:28:19 [INFO] TRADE - Entry Date: 2024-04-23, Entry: 499.3, Exit: 495.67, Profit: -7.24
2025-04-08 23:28:19 [INFO] 2024-04-24 | High Slope: -0.4225, Low Slope: -0.5566
2025-04-08 23:28:19 [INFO] TRADE - Entry Date: 2024-04-24, Entry: 499.06, Exit: 494.06, Profit: -10.0
2025-04-08 23:28:19 [INFO] 2024-04-25 | High Slope: -0.4834, Low Slope: -0.6237
2025-04-08 23:28:19 [INFO] TRADE - Entry Date: 2024-04-25, Entry: 497.16, Exit: 498.68, Profit: 3.04
2025-04-08 23:28:19 [INFO] 2024-04-26 | High Slope: -0.5609, Low Slope: -0.6994
2025-04-08 23:28:19 [INFO] TRADE - Entry Date: 2024-04-26, Entry: 501.87, Exit: 504.86, Profit: 5.98
2025-04-08 23:28:19 [INFO] 2024-04-29 | High Slope: -0.5988, Low Slope: -0.7342
2025-04-08 23:28:19 [INFO] TRADE - Entry Date: 2024-04-29, Entry: 503.65, Exit: 510.08, Profit: 12.86
2025-04-08 23:28:19 [INFO] 2024-04-30 | High Slope: -0.6547, Low Slope: -0.7715
2025-04-08 23:28:19 [INFO] TRADE - Entry Date: 2024-04-30, Entry: 495.67, Exit: 510.64, Profit: 29.94
2025-04-08 23:28:19 [INFO] 2024-05-01 | High Slope: -0.6920, Low Slope: -0.8126
2025-04-08 23:28:19 [INFO] TRADE - Entry Date: 2024-05-01, Entry: 494.06, Exit: 510.69, Profit: 33.26
2025-04-08 23:28:19 [INFO] 2024-05-02 | High Slope: -0.7319, Low Slope: -0.8715
2025-04-08 23:28:19 [INFO] TRADE - Entry Date: 2024-05-02, Entry: 498.68, Exit: 513.63, Profit: 29.9
2025-04-08 23:28:19 [INFO] 2024-05-03 | High Slope: -0.7516, Low Slope: -0.9006
2025-04-08 23:28:19 [INFO] TRADE - Entry Date: 2024-05-03, Entry: 504.86, Exit: 514.29, Profit: 18.86
2025-04-08 23:28:19 [INFO] 2024-05-06 | High Slope: -0.6986, Low Slope: -0.8189
2025-04-08 23:28:19 [INFO] TRADE - Entry Date: 2024-05-06, Entry: 510.08, Exit: 514.36, Profit: 8.58
2025-04-08 23:28:19 [INFO] 2024-05-07 | High Slope: -0.6249, Low Slope: -0.7076
2025-04-08 23:28:19 [INFO] TRADE - Entry Date: 2024-05-07, Entry: 510.64, Exit: 516.72, Profit: 12.16
2025-04-08 23:28:19 [INFO] 2024-05-08 | High Slope: -0.5473, Low Slope: -0.5820
2025-04-08 23:28:19 [INFO] TRADE - Entry Date: 2024-05-08, Entry: 510.69, Exit: 523.12, Profit: 24.86
2025-04-08 23:28:19 [INFO] 2024-05-09 | High Slope: -0.4698, Low Slope: -0.4717
2025-04-08 23:28:19 [INFO] TRADE - Entry Date: 2024-05-09, Entry: 513.63, Exit: 522.05, Profit: 16.82
2025-04-08 23:28:19 [INFO] 2024-05-10 | High Slope: -0.3637, Low Slope: -0.3425
2025-04-08 23:28:19 [INFO] TRADE - Entry Date: 2024-05-10, Entry: 514.29, Exit: 522.8, Profit: 17.0
2025-04-08 23:28:19 [INFO] 2024-05-13 | High Slope: -0.2312, Low Slope: -0.1714
2025-04-08 23:28:20 [INFO] TRADE - Entry Date: 2024-05-13, Entry: 514.36, Exit: 523.4, Profit: 18.08
2025-04-08 23:28:20 [INFO] 2024-05-14 | High Slope: -0.0993, Low Slope: -0.0102
2025-04-08 23:28:20 [INFO] TRADE - Entry Date: 2024-05-14, Entry: 516.72, Exit: 524.68, Profit: 15.92
2025-04-08 23:28:20 [INFO] 2024-05-15 | High Slope: 0.0040, Low Slope: 0.1262
2025-04-08 23:28:20 [INFO] 2024-05-16 | High Slope: 0.1584, Low Slope: 0.2983
2025-04-08 23:28:20 [INFO] 2024-05-17 | High Slope: 0.3379, Low Slope: 0.4551
2025-04-08 23:28:20 [INFO] 2024-05-20 | High Slope: 0.4778, Low Slope: 0.6057
2025-04-08 23:28:20 [INFO] 2024-05-21 | High Slope: 0.6251, Low Slope: 0.7886
2025-04-08 23:28:20 [INFO] 2024-05-22 | High Slope: 0.7709, Low Slope: 0.9419
2025-04-08 23:28:20 [INFO] 2024-05-23 | High Slope: 0.8799, Low Slope: 1.0639
2025-04-08 23:28:20 [INFO] 2024-05-24 | High Slope: 1.0155, Low Slope: 1.1607
2025-04-08 23:28:20 [INFO] 2024-05-28 | High Slope: 1.1025, Low Slope: 1.2453
2025-04-08 23:28:20 [INFO] 2024-05-29 | High Slope: 1.1810, Low Slope: 1.2861
2025-04-08 23:28:20 [INFO] 2024-05-30 | High Slope: 1.1726, Low Slope: 1.2961
2025-04-08 23:28:20 [INFO] 2024-05-31 | High Slope: 1.1397, Low Slope: 1.2491
2025-04-08 23:28:20 [INFO] 2024-06-03 | High Slope: 1.0988, Low Slope: 1.1697
2025-04-08 23:28:20 [INFO] 2024-06-04 | High Slope: 1.0342, Low Slope: 1.0766
2025-04-08 23:28:20 [INFO] 2024-06-05 | High Slope: 0.9690, Low Slope: 0.9966
2025-04-08 23:28:20 [INFO] 2024-06-06 | High Slope: 0.9526, Low Slope: 0.9555
2025-04-08 23:28:20 [INFO] 2024-06-07 | High Slope: 0.9371, Low Slope: 0.9513
2025-04-08 23:28:20 [INFO] 2024-06-10 | High Slope: 0.8974, Low Slope: 0.8948
2025-04-08 23:28:20 [INFO] 2024-06-11 | High Slope: 0.8759, Low Slope: 0.8790
2025-04-08 23:28:20 [INFO] 2024-06-12 | High Slope: 0.8553, Low Slope: 0.8587
2025-04-08 23:28:20 [INFO] 2024-06-13 | High Slope: 0.8604, Low Slope: 0.8441
2025-04-08 23:28:20 [INFO] 2024-06-14 | High Slope: 0.8359, Low Slope: 0.7938
2025-04-08 23:28:20 [INFO] 2024-06-17 | High Slope: 0.7770, Low Slope: 0.7255
2025-04-08 23:28:20 [INFO] 2024-06-18 | High Slope: 0.7837, Low Slope: 0.7121
2025-04-08 23:28:20 [INFO] 2024-06-20 | High Slope: 0.8028, Low Slope: 0.7490
2025-04-08 23:28:20 [INFO] 2024-06-21 | High Slope: 0.8308, Low Slope: 0.7829
2025-04-08 23:28:20 [INFO] 2024-06-24 | High Slope: 0.8219, Low Slope: 0.7926
2025-04-08 23:28:20 [INFO] 2024-06-25 | High Slope: 0.8252, Low Slope: 0.7974
2025-04-08 23:28:20 [INFO] 2024-06-26 | High Slope: 0.8213, Low Slope: 0.8085
2025-04-08 23:28:20 [INFO] 2024-06-27 | High Slope: 0.8136, Low Slope: 0.8136
2025-04-08 23:28:20 [INFO] 2024-06-28 | High Slope: 0.8072, Low Slope: 0.8234
2025-04-08 23:28:20 [INFO] 2024-07-01 | High Slope: 0.8537, Low Slope: 0.8427
2025-04-08 23:28:20 [INFO] 2024-07-02 | High Slope: 0.8722, Low Slope: 0.8736
2025-04-08 23:28:20 [INFO] 2024-07-03 | High Slope: 0.8900, Low Slope: 0.8964
2025-04-08 23:28:20 [INFO] 2024-07-05 | High Slope: 0.9304, Low Slope: 0.9559
2025-04-08 23:28:20 [INFO] 2024-07-08 | High Slope: 0.9814, Low Slope: 1.0212
2025-04-08 23:28:20 [INFO] 2024-07-09 | High Slope: 1.0280, Low Slope: 1.0855
2025-04-08 23:28:20 [INFO] 2024-07-10 | High Slope: 1.0804, Low Slope: 1.1263
2025-04-08 23:28:20 [INFO] 2024-07-11 | High Slope: 1.1309, Low Slope: 1.1755
2025-04-08 23:28:20 [INFO] 2024-07-12 | High Slope: 1.1728, Low Slope: 1.2063
2025-04-08 23:28:20 [INFO] 2024-07-15 | High Slope: 1.1866, Low Slope: 1.2204
2025-04-08 23:28:20 [INFO] 2024-07-16 | High Slope: 1.1768, Low Slope: 1.2079
2025-04-08 23:28:20 [INFO] 2024-07-17 | High Slope: 1.1665, Low Slope: 1.1735
2025-04-08 23:28:20 [INFO] 2024-07-18 | High Slope: 1.1214, Low Slope: 1.1128
2025-04-08 23:28:20 [INFO] 2024-07-19 | High Slope: 1.0544, Low Slope: 1.0129
2025-04-08 23:28:20 [INFO] 2024-07-22 | High Slope: 0.9762, Low Slope: 0.9107
2025-04-08 23:28:20 [INFO] 2024-07-23 | High Slope: 0.9013, Low Slope: 0.8460
2025-04-08 23:28:20 [INFO] 2024-07-24 | High Slope: 0.8363, Low Slope: 0.7859
2025-04-08 23:28:20 [INFO] 2024-07-25 | High Slope: 0.7073, Low Slope: 0.6332
2025-04-08 23:28:20 [INFO] 2024-07-26 | High Slope: 0.5677, Low Slope: 0.4546
2025-04-08 23:28:20 [INFO] 2024-07-29 | High Slope: 0.4695, Low Slope: 0.3549
2025-04-08 23:28:20 [INFO] 2024-07-30 | High Slope: 0.3629, Low Slope: 0.2569
2025-04-08 23:28:20 [INFO] 2024-07-31 | High Slope: 0.2521, Low Slope: 0.1317
2025-04-08 23:28:20 [INFO] 2024-08-01 | High Slope: 0.2169, Low Slope: 0.0762
2025-04-08 23:28:20 [INFO] 2024-08-02 | High Slope: 0.1881, Low Slope: 0.0000
2025-04-08 23:28:20 [INFO] 2024-08-05 | High Slope: 0.0518, Low Slope: -0.1534
2025-04-08 23:28:20 [INFO] 2024-08-06 | High Slope: -0.1838, Low Slope: -0.4203
2025-04-08 23:28:20 [INFO] TRADE - Entry Date: 2024-08-06, Entry: 517.25, Exit: 536.95, Profit: 39.4
2025-04-08 23:28:20 [INFO] 2024-08-07 | High Slope: -0.3612, Low Slope: -0.6268
2025-04-08 23:28:20 [INFO] TRADE - Entry Date: 2024-08-07, Entry: 513.79, Exit: 538.65, Profit: 49.7
2025-04-08 23:28:20 [INFO] 2024-08-08 | High Slope: -0.5313, Low Slope: -0.8226
2025-04-08 23:28:20 [INFO] TRADE - Entry Date: 2024-08-08, Entry: 525.67, Exit: 547.88, Profit: 44.42
2025-04-08 23:28:20 [INFO] 2024-08-09 | High Slope: -0.6902, Low Slope: -0.9793
2025-04-08 23:28:20 [INFO] TRADE - Entry Date: 2024-08-09, Entry: 527.99, Exit: 549.11, Profit: 42.24
2025-04-08 23:28:20 [INFO] 2024-08-12 | High Slope: -0.8171, Low Slope: -1.0729
2025-04-08 23:28:20 [INFO] TRADE - Entry Date: 2024-08-12, Entry: 528.27, Exit: 554.36, Profit: 52.18
2025-04-08 23:28:20 [INFO] 2024-08-13 | High Slope: -0.9079, Low Slope: -1.1556
2025-04-08 23:28:20 [INFO] TRADE - Entry Date: 2024-08-13, Entry: 536.95, Exit: 553.46, Profit: 33.0
2025-04-08 23:28:20 [INFO] 2024-08-14 | High Slope: -0.9806, Low Slope: -1.2018
2025-04-08 23:28:20 [INFO] TRADE - Entry Date: 2024-08-14, Entry: 538.65, Exit: 555.36, Profit: 33.42
2025-04-08 23:28:20 [INFO] 2024-08-15 | High Slope: -1.0131, Low Slope: -1.2130
2025-04-08 23:28:20 [INFO] TRADE - Entry Date: 2024-08-15, Entry: 547.88, Exit: 551.0, Profit: 6.24
2025-04-08 23:28:20 [INFO] 2024-08-16 | High Slope: -0.9709, Low Slope: -1.1325
2025-04-08 23:28:20 [INFO] TRADE - Entry Date: 2024-08-16, Entry: 549.11, Exit: 556.86, Profit: 15.5
2025-04-08 23:28:20 [INFO] 2024-08-19 | High Slope: -0.8968, Low Slope: -1.0201
2025-04-08 23:28:20 [INFO] TRADE - Entry Date: 2024-08-19, Entry: 554.36, Exit: 555.53, Profit: 2.34
2025-04-08 23:28:20 [INFO] 2024-08-20 | High Slope: -0.7851, Low Slope: -0.8701
2025-04-08 23:28:20 [INFO] TRADE - Entry Date: 2024-08-20, Entry: 553.46, Exit: 556.29, Profit: 5.66
2025-04-08 23:28:20 [INFO] 2024-08-21 | High Slope: -0.6607, Low Slope: -0.6887
2025-04-08 23:28:20 [INFO] TRADE - Entry Date: 2024-08-21, Entry: 555.36, Exit: 553.06, Profit: -4.6
2025-04-08 23:28:20 [INFO] 2024-08-22 | High Slope: -0.4991, Low Slope: -0.5161
2025-04-08 23:28:20 [INFO] TRADE - Entry Date: 2024-08-22, Entry: 551.0, Exit: 553.11, Profit: 4.22
2025-04-08 23:28:20 [INFO] 2024-08-23 | High Slope: -0.3264, Low Slope: -0.3475
2025-04-08 23:28:20 [INFO] TRADE - Entry Date: 2024-08-23, Entry: 556.86, Exit: 558.39, Profit: 3.08
2025-04-08 23:28:20 [INFO] 2024-08-26 | High Slope: -0.1455, Low Slope: -0.1548
2025-04-08 23:28:20 [INFO] TRADE - Entry Date: 2024-08-26, Entry: 555.53, Exit: 546.9, Profit: -17.26
2025-04-08 23:28:20 [INFO] 2024-08-27 | High Slope: 0.0490, Low Slope: 0.0661
2025-04-08 23:28:20 [INFO] 2024-08-28 | High Slope: 0.2342, Low Slope: 0.2995
2025-04-08 23:28:20 [INFO] 2024-08-29 | High Slope: 0.3864, Low Slope: 0.4760
2025-04-08 23:28:20 [INFO] 2024-08-30 | High Slope: 0.5443, Low Slope: 0.6247
2025-04-08 23:28:20 [INFO] 2024-09-03 | High Slope: 0.6665, Low Slope: 0.7530
2025-04-08 23:28:20 [INFO] 2024-09-04 | High Slope: 0.7707, Low Slope: 0.8497
2025-04-08 23:28:20 [INFO] 2024-09-05 | High Slope: 0.8417, Low Slope: 0.9621
2025-04-08 23:28:20 [INFO] 2024-09-06 | High Slope: 0.8581, Low Slope: 0.9724
2025-04-08 23:28:20 [INFO] 2024-09-09 | High Slope: 0.8466, Low Slope: 0.9114
2025-04-08 23:28:20 [INFO] 2024-09-10 | High Slope: 0.8066, Low Slope: 0.8978
2025-04-08 23:28:20 [INFO] 2024-09-11 | High Slope: 0.7746, Low Slope: 0.8965
2025-04-08 23:28:20 [INFO] 2024-09-12 | High Slope: 0.7834, Low Slope: 0.8444
2025-04-08 23:28:20 [INFO] 2024-09-13 | High Slope: 0.8565, Low Slope: 0.9352
2025-04-08 23:28:20 [INFO] 2024-09-16 | High Slope: 0.9596, Low Slope: 1.0110
2025-04-08 23:28:20 [INFO] 2024-09-17 | High Slope: 0.9375, Low Slope: 1.0068
2025-04-08 23:28:20 [INFO] 2024-09-18 | High Slope: 0.8344, Low Slope: 0.8693
2025-04-08 23:28:20 [INFO] 2024-09-19 | High Slope: 0.7680, Low Slope: 0.7617
2025-04-08 23:28:20 [INFO] 2024-09-20 | High Slope: 0.7237, Low Slope: 0.6827
2025-04-08 23:28:20 [INFO] 2024-09-23 | High Slope: 0.6476, Low Slope: 0.6001
2025-04-08 23:28:20 [INFO] 2024-09-24 | High Slope: 0.5825, Low Slope: 0.5623
2025-04-08 23:28:20 [INFO] 2024-09-25 | High Slope: 0.5158, Low Slope: 0.5194
2025-04-08 23:28:20 [INFO] 2024-09-26 | High Slope: 0.4807, Low Slope: 0.5044
2025-04-08 23:28:20 [INFO] 2024-09-27 | High Slope: 0.4682, Low Slope: 0.5068
2025-04-08 23:28:20 [INFO] 2024-09-30 | High Slope: 0.4960, Low Slope: 0.5585
2025-04-08 23:28:20 [INFO] 2024-10-01 | High Slope: 0.5263, Low Slope: 0.6012
2025-04-08 23:28:20 [INFO] 2024-10-02 | High Slope: 0.5765, Low Slope: 0.6402
2025-04-08 23:28:20 [INFO] 2024-10-03 | High Slope: 0.6013, Low Slope: 0.6921
2025-04-08 23:28:20 [INFO] 2024-10-04 | High Slope: 0.6294, Low Slope: 0.7233
2025-04-08 23:28:20 [INFO] 2024-10-07 | High Slope: 0.6835, Low Slope: 0.7675
2025-04-08 23:28:20 [INFO] 2024-10-08 | High Slope: 0.7227, Low Slope: 0.8115
2025-04-08 23:28:20 [INFO] 2024-10-09 | High Slope: 0.7746, Low Slope: 0.8812
2025-04-08 23:28:20 [INFO] 2024-10-10 | High Slope: 0.8338, Low Slope: 0.9599
2025-04-08 23:28:20 [INFO] 2024-10-11 | High Slope: 0.8817, Low Slope: 1.0216
2025-04-08 23:28:20 [INFO] 2024-10-14 | High Slope: 0.9533, Low Slope: 1.0977
2025-04-08 23:28:20 [INFO] 2024-10-15 | High Slope: 1.0521, Low Slope: 1.1953
2025-04-08 23:28:20 [INFO] 2024-10-16 | High Slope: 1.1152, Low Slope: 1.2156
2025-04-08 23:28:20 [INFO] 2024-10-17 | High Slope: 1.1100, Low Slope: 1.2247
2025-04-08 23:28:20 [INFO] 2024-10-18 | High Slope: 1.1083, Low Slope: 1.2244
2025-04-08 23:28:20 [INFO] 2024-10-21 | High Slope: 1.0719, Low Slope: 1.1582
2025-04-08 23:28:20 [INFO] 2024-10-22 | High Slope: 0.9898, Low Slope: 1.0816
2025-04-08 23:28:20 [INFO] 2024-10-23 | High Slope: 0.8981, Low Slope: 0.9909
2025-04-08 23:28:20 [INFO] 2024-10-24 | High Slope: 0.8145, Low Slope: 0.8216
2025-04-08 23:28:20 [INFO] 2024-10-25 | High Slope: 0.7356, Low Slope: 0.7374
2025-04-08 23:28:20 [INFO] 2024-10-28 | High Slope: 0.6998, Low Slope: 0.6974
2025-04-08 23:28:20 [INFO] 2024-10-29 | High Slope: 0.6431, Low Slope: 0.6671
2025-04-08 23:28:20 [INFO] 2024-10-30 | High Slope: 0.6019, Low Slope: 0.6197
2025-04-08 23:28:20 [INFO] 2024-10-31 | High Slope: 0.5698, Low Slope: 0.5695
2025-04-08 23:28:20 [INFO] 2024-11-01 | High Slope: 0.5098, Low Slope: 0.4903
2025-04-08 23:28:20 [INFO] 2024-11-04 | High Slope: 0.4349, Low Slope: 0.4162
2025-04-08 23:28:20 [INFO] 2024-11-05 | High Slope: 0.3446, Low Slope: 0.3422
2025-04-08 23:28:20 [INFO] 2024-11-06 | High Slope: 0.2876, Low Slope: 0.2817
2025-04-08 23:28:20 [INFO] 2024-11-07 | High Slope: 0.3292, Low Slope: 0.3243
2025-04-08 23:28:20 [INFO] 2024-11-08 | High Slope: 0.4116, Low Slope: 0.4151
2025-04-08 23:28:20 [INFO] 2024-11-11 | High Slope: 0.5000, Low Slope: 0.5196
2025-04-08 23:28:20 [INFO] 2024-11-12 | High Slope: 0.5817, Low Slope: 0.6020
2025-04-08 23:28:20 [INFO] 2024-11-13 | High Slope: 0.6442, Low Slope: 0.6405
2025-04-08 23:28:20 [INFO] 2024-11-14 | High Slope: 0.6666, Low Slope: 0.6653
2025-04-08 23:28:20 [INFO] 2024-11-15 | High Slope: 0.6663, Low Slope: 0.6636
2025-04-08 23:28:20 [INFO] 2024-11-18 | High Slope: 0.6292, Low Slope: 0.6114
2025-04-08 23:28:20 [INFO] 2024-11-19 | High Slope: 0.5705, Low Slope: 0.5517
2025-04-08 23:28:20 [INFO] 2024-11-20 | High Slope: 0.5265, Low Slope: 0.4952
2025-04-08 23:28:20 [INFO] 2024-11-21 | High Slope: 0.5002, Low Slope: 0.4569
2025-04-08 23:28:20 [INFO] 2024-11-22 | High Slope: 0.4949, Low Slope: 0.4445
2025-04-08 23:28:20 [INFO] 2024-11-25 | High Slope: 0.5074, Low Slope: 0.4727
2025-04-08 23:28:20 [INFO] 2024-11-26 | High Slope: 0.5769, Low Slope: 0.5395
2025-04-08 23:28:20 [INFO] 2024-11-27 | High Slope: 0.6399, Low Slope: 0.6032
2025-04-08 23:28:20 [INFO] 2024-11-29 | High Slope: 0.6785, Low Slope: 0.6562
2025-04-08 23:28:20 [INFO] 2024-12-02 | High Slope: 0.7477, Low Slope: 0.7364
2025-04-08 23:28:20 [INFO] 2024-12-03 | High Slope: 0.8104, Low Slope: 0.8317
2025-04-08 23:28:20 [INFO] 2024-12-04 | High Slope: 0.8601, Low Slope: 0.9038
2025-04-08 23:28:20 [INFO] 2024-12-05 | High Slope: 0.9229, Low Slope: 0.9815
2025-04-08 23:28:20 [INFO] 2024-12-06 | High Slope: 0.9598, Low Slope: 1.0161
2025-04-08 23:28:20 [INFO] 2024-12-09 | High Slope: 0.9774, Low Slope: 1.0560
2025-04-08 23:28:20 [INFO] 2024-12-10 | High Slope: 1.0046, Low Slope: 1.0740
2025-04-08 23:28:20 [INFO] 2024-12-11 | High Slope: 0.9962, Low Slope: 1.0847
2025-04-08 23:28:20 [INFO] 2024-12-12 | High Slope: 0.9958, Low Slope: 1.0931
2025-04-08 23:28:20 [INFO] 2024-12-13 | High Slope: 0.9789, Low Slope: 1.0879
2025-04-08 23:28:20 [INFO] 2024-12-16 | High Slope: 0.8984, Low Slope: 0.9875
2025-04-08 23:28:20 [INFO] 2024-12-17 | High Slope: 0.8077, Low Slope: 0.9023
2025-04-08 23:28:20 [INFO] 2024-12-18 | High Slope: 0.6651, Low Slope: 0.7683
2025-04-08 23:28:20 [INFO] 2024-12-19 | High Slope: 0.5451, Low Slope: 0.5277
2025-04-08 23:28:20 [INFO] 2024-12-20 | High Slope: 0.4301, Low Slope: 0.3821
2025-04-08 23:28:20 [INFO] SUMMARY - Total Trades: 33, Total Profit: $585.86, Win Rate: 87.88%
