2025-04-09 13:08:05 [INFO] 2024-03-14 | High Slope: 0.8916, Low Slope: 0.8872
2025-04-09 13:08:05 [INFO] 2024-03-15 | High Slope: 0.8630, Low Slope: 0.8371
2025-04-09 13:08:05 [INFO] 2024-03-18 | High Slope: 0.7987, Low Slope: 0.7673
2025-04-09 13:08:05 [INFO] 2024-03-19 | High Slope: 0.7942, Low Slope: 0.7510
2025-04-09 13:08:05 [INFO] 2024-03-20 | High Slope: 0.7726, Low Slope: 0.7218
2025-04-09 13:08:05 [INFO] 2024-03-21 | High Slope: 0.7697, Low Slope: 0.7203
2025-04-09 13:08:05 [INFO] 2024-03-22 | High Slope: 0.8055, Low Slope: 0.7740
2025-04-09 13:08:05 [INFO] 2024-03-25 | High Slope: 0.8210, Low Slope: 0.8222
2025-04-09 13:08:05 [INFO] 2024-03-26 | High Slope: 0.8347, Low Slope: 0.8591
2025-04-09 13:08:05 [INFO] 2024-03-27 | High Slope: 0.8558, Low Slope: 0.8902
2025-04-09 13:08:05 [INFO] 2024-03-28 | High Slope: 0.8352, Low Slope: 0.8549
2025-04-09 13:08:05 [INFO] 2024-04-01 | High Slope: 0.8247, Low Slope: 0.8523
2025-04-09 13:08:05 [INFO] 2024-04-02 | High Slope: 0.8222, Low Slope: 0.8548
2025-04-09 13:08:05 [INFO] 2024-04-03 | High Slope: 0.7793, Low Slope: 0.8180
2025-04-09 13:08:05 [INFO] 2024-04-04 | High Slope: 0.7110, Low Slope: 0.7511
2025-04-09 13:08:05 [INFO] 2024-04-05 | High Slope: 0.6437, Low Slope: 0.6361
2025-04-09 13:08:05 [INFO] 2024-04-08 | High Slope: 0.6176, Low Slope: 0.5841
2025-04-09 13:08:05 [INFO] 2024-04-09 | High Slope: 0.5951, Low Slope: 0.5790
2025-04-09 13:08:05 [INFO] 2024-04-10 | High Slope: 0.5618, Low Slope: 0.5375
2025-04-09 13:08:05 [INFO] 2024-04-11 | High Slope: 0.4824, Low Slope: 0.4696
2025-04-09 13:08:05 [INFO] 2024-04-12 | High Slope: 0.4175, Low Slope: 0.3992
2025-04-09 13:08:05 [INFO] 2024-04-15 | High Slope: 0.3426, Low Slope: 0.3086
2025-04-09 13:08:05 [INFO] 2024-04-16 | High Slope: 0.2852, Low Slope: 0.2023
2025-04-09 13:08:05 [INFO] 2024-04-17 | High Slope: 0.1763, Low Slope: 0.1122
2025-04-09 13:08:05 [INFO] 2024-04-18 | High Slope: 0.0445, Low Slope: -0.0421
2025-04-09 13:08:05 [INFO] 2024-04-19 | High Slope: -0.0901, Low Slope: -0.1744
2025-04-09 13:08:05 [INFO] TRADE - Entry Date: 2024-04-19, Entry: 488.94, Exit: 501.87, Profit: 25.88
2025-04-09 13:08:05 [INFO] 2024-04-22 | High Slope: -0.2192, Low Slope: -0.3234
2025-04-09 13:08:05 [INFO] TRADE - Entry Date: 2024-04-22, Entry: 493.44, Exit: 503.65, Profit: 20.42
2025-04-09 13:08:05 [INFO] 2024-04-23 | High Slope: -0.3143, Low Slope: -0.4472
2025-04-09 13:08:05 [INFO] TRADE - Entry Date: 2024-04-23, Entry: 499.3, Exit: 495.67, Profit: -7.24
2025-04-09 13:08:05 [INFO] 2024-04-24 | High Slope: -0.4225, Low Slope: -0.5566
2025-04-09 13:08:05 [INFO] TRADE - Entry Date: 2024-04-24, Entry: 499.06, Exit: 494.06, Profit: -10.0
2025-04-09 13:08:05 [INFO] 2024-04-25 | High Slope: -0.4834, Low Slope: -0.6237
2025-04-09 13:08:05 [INFO] TRADE - Entry Date: 2024-04-25, Entry: 497.16, Exit: 498.68, Profit: 3.04
2025-04-09 13:08:05 [INFO] 2024-04-26 | High Slope: -0.5609, Low Slope: -0.6994
2025-04-09 13:08:05 [INFO] TRADE - Entry Date: 2024-04-26, Entry: 501.87, Exit: 504.86, Profit: 5.98
2025-04-09 13:08:05 [INFO] 2024-04-29 | High Slope: -0.5988, Low Slope: -0.7342
2025-04-09 13:08:05 [INFO] TRADE - Entry Date: 2024-04-29, Entry: 503.65, Exit: 510.08, Profit: 12.86
2025-04-09 13:08:05 [INFO] 2024-04-30 | High Slope: -0.6547, Low Slope: -0.7715
2025-04-09 13:08:05 [INFO] TRADE - Entry Date: 2024-04-30, Entry: 495.67, Exit: 510.64, Profit: 29.94
2025-04-09 13:08:05 [INFO] 2024-05-01 | High Slope: -0.6920, Low Slope: -0.8126
2025-04-09 13:08:05 [INFO] TRADE - Entry Date: 2024-05-01, Entry: 494.06, Exit: 510.69, Profit: 33.26
2025-04-09 13:08:05 [INFO] 2024-05-02 | High Slope: -0.7319, Low Slope: -0.8715
2025-04-09 13:08:05 [INFO] TRADE - Entry Date: 2024-05-02, Entry: 498.68, Exit: 513.63, Profit: 29.9
2025-04-09 13:08:05 [INFO] 2024-05-03 | High Slope: -0.7516, Low Slope: -0.9006
2025-04-09 13:08:05 [INFO] TRADE - Entry Date: 2024-05-03, Entry: 504.86, Exit: 514.29, Profit: 18.86
2025-04-09 13:08:05 [INFO] 2024-05-06 | High Slope: -0.6986, Low Slope: -0.8189
2025-04-09 13:08:05 [INFO] TRADE - Entry Date: 2024-05-06, Entry: 510.08, Exit: 514.36, Profit: 8.58
2025-04-09 13:08:05 [INFO] 2024-05-07 | High Slope: -0.6249, Low Slope: -0.7076
2025-04-09 13:08:05 [INFO] TRADE - Entry Date: 2024-05-07, Entry: 510.64, Exit: 516.72, Profit: 12.16
2025-04-09 13:08:05 [INFO] 2024-05-08 | High Slope: -0.5473, Low Slope: -0.5820
2025-04-09 13:08:05 [INFO] TRADE - Entry Date: 2024-05-08, Entry: 510.69, Exit: 523.12, Profit: 24.86
2025-04-09 13:08:05 [INFO] 2024-05-09 | High Slope: -0.4698, Low Slope: -0.4717
2025-04-09 13:08:05 [INFO] TRADE - Entry Date: 2024-05-09, Entry: 513.63, Exit: 522.05, Profit: 16.82
2025-04-09 13:08:05 [INFO] 2024-05-10 | High Slope: -0.3637, Low Slope: -0.3425
2025-04-09 13:08:05 [INFO] TRADE - Entry Date: 2024-05-10, Entry: 514.29, Exit: 522.8, Profit: 17.0
2025-04-09 13:08:05 [INFO] 2024-05-13 | High Slope: -0.2312, Low Slope: -0.1714
2025-04-09 13:08:05 [INFO] TRADE - Entry Date: 2024-05-13, Entry: 514.36, Exit: 523.4, Profit: 18.08
2025-04-09 13:08:05 [INFO] 2024-05-14 | High Slope: -0.0993, Low Slope: -0.0102
2025-04-09 13:08:05 [INFO] TRADE - Entry Date: 2024-05-14, Entry: 516.72, Exit: 524.68, Profit: 15.92
2025-04-09 13:08:05 [INFO] 2024-05-15 | High Slope: 0.0040, Low Slope: 0.1262
2025-04-09 13:08:05 [INFO] 2024-05-16 | High Slope: 0.1584, Low Slope: 0.2983
2025-04-09 13:08:05 [INFO] 2024-05-17 | High Slope: 0.3379, Low Slope: 0.4551
2025-04-09 13:08:05 [INFO] 2024-05-20 | High Slope: 0.4778, Low Slope: 0.6057
2025-04-09 13:08:05 [INFO] 2024-05-21 | High Slope: 0.6251, Low Slope: 0.7886
2025-04-09 13:08:05 [INFO] 2024-05-22 | High Slope: 0.7709, Low Slope: 0.9419
2025-04-09 13:08:05 [INFO] 2024-05-23 | High Slope: 0.8799, Low Slope: 1.0639
2025-04-09 13:08:05 [INFO] 2024-05-24 | High Slope: 1.0155, Low Slope: 1.1607
2025-04-09 13:08:05 [INFO] 2024-05-28 | High Slope: 1.1025, Low Slope: 1.2453
2025-04-09 13:08:05 [INFO] 2024-05-29 | High Slope: 1.1810, Low Slope: 1.2861
2025-04-09 13:08:05 [INFO] 2024-05-30 | High Slope: 1.1726, Low Slope: 1.2961
2025-04-09 13:08:05 [INFO] 2024-05-31 | High Slope: 1.1397, Low Slope: 1.2491
2025-04-09 13:08:05 [INFO] 2024-06-03 | High Slope: 1.0988, Low Slope: 1.1697
2025-04-09 13:08:05 [INFO] 2024-06-04 | High Slope: 1.0342, Low Slope: 1.0766
2025-04-09 13:08:05 [INFO] 2024-06-05 | High Slope: 0.9690, Low Slope: 0.9966
2025-04-09 13:08:05 [INFO] 2024-06-06 | High Slope: 0.9527, Low Slope: 0.9555
2025-04-09 13:08:05 [INFO] 2024-06-07 | High Slope: 0.9371, Low Slope: 0.9513
2025-04-09 13:08:05 [INFO] 2024-06-10 | High Slope: 0.8974, Low Slope: 0.8948
2025-04-09 13:08:05 [INFO] 2024-06-11 | High Slope: 0.8759, Low Slope: 0.8790
2025-04-09 13:08:05 [INFO] 2024-06-12 | High Slope: 0.8553, Low Slope: 0.8587
2025-04-09 13:08:05 [INFO] 2024-06-13 | High Slope: 0.8604, Low Slope: 0.8441
2025-04-09 13:08:05 [INFO] 2024-06-14 | High Slope: 0.8359, Low Slope: 0.7938
2025-04-09 13:08:05 [INFO] 2024-06-17 | High Slope: 0.7770, Low Slope: 0.7255
2025-04-09 13:08:05 [INFO] 2024-06-18 | High Slope: 0.7837, Low Slope: 0.7121
2025-04-09 13:08:05 [INFO] 2024-06-20 | High Slope: 0.8028, Low Slope: 0.7490
2025-04-09 13:08:05 [INFO] 2024-06-21 | High Slope: 0.8308, Low Slope: 0.7829
2025-04-09 13:08:05 [INFO] 2024-06-24 | High Slope: 0.8219, Low Slope: 0.7926
2025-04-09 13:08:05 [INFO] 2024-06-25 | High Slope: 0.8252, Low Slope: 0.7974
2025-04-09 13:08:05 [INFO] 2024-06-26 | High Slope: 0.8213, Low Slope: 0.8085
2025-04-09 13:08:05 [INFO] 2024-06-27 | High Slope: 0.8136, Low Slope: 0.8136
2025-04-09 13:08:05 [INFO] 2024-06-28 | High Slope: 0.8072, Low Slope: 0.8234
2025-04-09 13:08:05 [INFO] 2024-07-01 | High Slope: 0.8537, Low Slope: 0.8427
2025-04-09 13:08:05 [INFO] 2024-07-02 | High Slope: 0.8722, Low Slope: 0.8736
2025-04-09 13:08:05 [INFO] 2024-07-03 | High Slope: 0.8900, Low Slope: 0.8964
2025-04-09 13:08:05 [INFO] 2024-07-05 | High Slope: 0.9304, Low Slope: 0.9559
2025-04-09 13:08:05 [INFO] 2024-07-08 | High Slope: 0.9814, Low Slope: 1.0212
2025-04-09 13:08:05 [INFO] 2024-07-09 | High Slope: 1.0280, Low Slope: 1.0855
2025-04-09 13:08:05 [INFO] 2024-07-10 | High Slope: 1.0804, Low Slope: 1.1263
2025-04-09 13:08:05 [INFO] 2024-07-11 | High Slope: 1.1309, Low Slope: 1.1755
2025-04-09 13:08:05 [INFO] 2024-07-12 | High Slope: 1.1728, Low Slope: 1.2063
2025-04-09 13:08:05 [INFO] 2024-07-15 | High Slope: 1.1866, Low Slope: 1.2204
2025-04-09 13:08:05 [INFO] 2024-07-16 | High Slope: 1.1768, Low Slope: 1.2079
2025-04-09 13:08:05 [INFO] 2024-07-17 | High Slope: 1.1665, Low Slope: 1.1735
2025-04-09 13:08:05 [INFO] 2024-07-18 | High Slope: 1.1214, Low Slope: 1.1128
2025-04-09 13:08:05 [INFO] 2024-07-19 | High Slope: 1.0544, Low Slope: 1.0129
2025-04-09 13:08:05 [INFO] 2024-07-22 | High Slope: 0.9762, Low Slope: 0.9107
2025-04-09 13:08:05 [INFO] 2024-07-23 | High Slope: 0.9013, Low Slope: 0.8460
2025-04-09 13:08:05 [INFO] 2024-07-24 | High Slope: 0.8363, Low Slope: 0.7859
2025-04-09 13:08:05 [INFO] 2024-07-25 | High Slope: 0.7073, Low Slope: 0.6332
2025-04-09 13:08:05 [INFO] 2024-07-26 | High Slope: 0.5677, Low Slope: 0.4546
2025-04-09 13:08:05 [INFO] 2024-07-29 | High Slope: 0.4695, Low Slope: 0.3549
2025-04-09 13:08:05 [INFO] 2024-07-30 | High Slope: 0.3629, Low Slope: 0.2569
2025-04-09 13:08:05 [INFO] 2024-07-31 | High Slope: 0.2521, Low Slope: 0.1317
2025-04-09 13:08:05 [INFO] 2024-08-01 | High Slope: 0.2169, Low Slope: 0.0762
2025-04-09 13:08:05 [INFO] 2024-08-02 | High Slope: 0.1881, Low Slope: 0.0000
2025-04-09 13:08:05 [INFO] 2024-08-05 | High Slope: 0.0518, Low Slope: -0.1534
2025-04-09 13:08:05 [INFO] 2024-08-06 | High Slope: -0.1838, Low Slope: -0.4203
2025-04-09 13:08:05 [INFO] TRADE - Entry Date: 2024-08-06, Entry: 517.25, Exit: 536.95, Profit: 39.4
2025-04-09 13:08:05 [INFO] 2024-08-07 | High Slope: -0.3612, Low Slope: -0.6268
2025-04-09 13:08:05 [INFO] TRADE - Entry Date: 2024-08-07, Entry: 513.79, Exit: 538.65, Profit: 49.7
2025-04-09 13:08:05 [INFO] 2024-08-08 | High Slope: -0.5313, Low Slope: -0.8226
2025-04-09 13:08:05 [INFO] TRADE - Entry Date: 2024-08-08, Entry: 525.67, Exit: 547.88, Profit: 44.42
2025-04-09 13:08:05 [INFO] 2024-08-09 | High Slope: -0.6902, Low Slope: -0.9793
2025-04-09 13:08:05 [INFO] TRADE - Entry Date: 2024-08-09, Entry: 527.99, Exit: 549.11, Profit: 42.24
2025-04-09 13:08:05 [INFO] 2024-08-12 | High Slope: -0.8171, Low Slope: -1.0729
2025-04-09 13:08:05 [INFO] TRADE - Entry Date: 2024-08-12, Entry: 528.27, Exit: 554.36, Profit: 52.18
2025-04-09 13:08:05 [INFO] 2024-08-13 | High Slope: -0.9079, Low Slope: -1.1556
2025-04-09 13:08:05 [INFO] TRADE - Entry Date: 2024-08-13, Entry: 536.95, Exit: 553.46, Profit: 33.0
2025-04-09 13:08:05 [INFO] 2024-08-14 | High Slope: -0.9806, Low Slope: -1.2018
2025-04-09 13:08:05 [INFO] TRADE - Entry Date: 2024-08-14, Entry: 538.65, Exit: 555.36, Profit: 33.42
2025-04-09 13:08:05 [INFO] 2024-08-15 | High Slope: -1.0131, Low Slope: -1.2130
2025-04-09 13:08:05 [INFO] TRADE - Entry Date: 2024-08-15, Entry: 547.88, Exit: 551.0, Profit: 6.24
2025-04-09 13:08:05 [INFO] 2024-08-16 | High Slope: -0.9709, Low Slope: -1.1325
2025-04-09 13:08:05 [INFO] TRADE - Entry Date: 2024-08-16, Entry: 549.11, Exit: 556.86, Profit: 15.5
2025-04-09 13:08:05 [INFO] 2024-08-19 | High Slope: -0.8968, Low Slope: -1.0201
2025-04-09 13:08:05 [INFO] TRADE - Entry Date: 2024-08-19, Entry: 554.36, Exit: 555.53, Profit: 2.34
2025-04-09 13:08:05 [INFO] 2024-08-20 | High Slope: -0.7851, Low Slope: -0.8701
2025-04-09 13:08:05 [INFO] TRADE - Entry Date: 2024-08-20, Entry: 553.46, Exit: 556.29, Profit: 5.66
2025-04-09 13:08:05 [INFO] 2024-08-21 | High Slope: -0.6607, Low Slope: -0.6887
2025-04-09 13:08:05 [INFO] TRADE - Entry Date: 2024-08-21, Entry: 555.36, Exit: 553.06, Profit: -4.6
2025-04-09 13:08:05 [INFO] 2024-08-22 | High Slope: -0.4991, Low Slope: -0.5161
2025-04-09 13:08:05 [INFO] TRADE - Entry Date: 2024-08-22, Entry: 551.0, Exit: 553.11, Profit: 4.22
2025-04-09 13:08:05 [INFO] 2024-08-23 | High Slope: -0.3264, Low Slope: -0.3475
2025-04-09 13:08:05 [INFO] TRADE - Entry Date: 2024-08-23, Entry: 556.86, Exit: 558.39, Profit: 3.08
2025-04-09 13:08:05 [INFO] 2024-08-26 | High Slope: -0.1455, Low Slope: -0.1548
2025-04-09 13:08:05 [INFO] TRADE - Entry Date: 2024-08-26, Entry: 555.53, Exit: 546.9, Profit: -17.26
2025-04-09 13:08:05 [INFO] 2024-08-27 | High Slope: 0.0490, Low Slope: 0.0661
2025-04-09 13:08:05 [INFO] 2024-08-28 | High Slope: 0.2342, Low Slope: 0.2995
2025-04-09 13:08:05 [INFO] 2024-08-29 | High Slope: 0.3864, Low Slope: 0.4760
2025-04-09 13:08:05 [INFO] 2024-08-30 | High Slope: 0.5443, Low Slope: 0.6247
2025-04-09 13:08:05 [INFO] 2024-09-03 | High Slope: 0.6665, Low Slope: 0.7530
2025-04-09 13:08:05 [INFO] 2024-09-04 | High Slope: 0.7707, Low Slope: 0.8497
2025-04-09 13:08:05 [INFO] 2024-09-05 | High Slope: 0.8417, Low Slope: 0.9621
2025-04-09 13:08:05 [INFO] 2024-09-06 | High Slope: 0.8581, Low Slope: 0.9724
2025-04-09 13:08:05 [INFO] 2024-09-09 | High Slope: 0.8466, Low Slope: 0.9114
2025-04-09 13:08:05 [INFO] 2024-09-10 | High Slope: 0.8066, Low Slope: 0.8978
2025-04-09 13:08:05 [INFO] 2024-09-11 | High Slope: 0.7746, Low Slope: 0.8965
2025-04-09 13:08:05 [INFO] 2024-09-12 | High Slope: 0.7834, Low Slope: 0.8444
2025-04-09 13:08:05 [INFO] 2024-09-13 | High Slope: 0.8565, Low Slope: 0.9352
2025-04-09 13:08:05 [INFO] 2024-09-16 | High Slope: 0.9596, Low Slope: 1.0110
2025-04-09 13:08:05 [INFO] 2024-09-17 | High Slope: 0.9375, Low Slope: 1.0068
2025-04-09 13:08:05 [INFO] 2024-09-18 | High Slope: 0.8344, Low Slope: 0.8693
2025-04-09 13:08:05 [INFO] 2024-09-19 | High Slope: 0.7680, Low Slope: 0.7617
2025-04-09 13:08:05 [INFO] 2024-09-20 | High Slope: 0.7237, Low Slope: 0.6827
2025-04-09 13:08:05 [INFO] 2024-09-23 | High Slope: 0.6476, Low Slope: 0.6001
2025-04-09 13:08:05 [INFO] 2024-09-24 | High Slope: 0.5825, Low Slope: 0.5623
2025-04-09 13:08:05 [INFO] 2024-09-25 | High Slope: 0.5158, Low Slope: 0.5194
2025-04-09 13:08:05 [INFO] 2024-09-26 | High Slope: 0.4807, Low Slope: 0.5044
2025-04-09 13:08:05 [INFO] 2024-09-27 | High Slope: 0.4682, Low Slope: 0.5068
2025-04-09 13:08:05 [INFO] 2024-09-30 | High Slope: 0.4960, Low Slope: 0.5585
2025-04-09 13:08:05 [INFO] 2024-10-01 | High Slope: 0.5263, Low Slope: 0.6012
2025-04-09 13:08:05 [INFO] 2024-10-02 | High Slope: 0.5765, Low Slope: 0.6402
2025-04-09 13:08:05 [INFO] 2024-10-03 | High Slope: 0.6013, Low Slope: 0.6921
2025-04-09 13:08:05 [INFO] 2024-10-04 | High Slope: 0.6294, Low Slope: 0.7233
2025-04-09 13:08:05 [INFO] 2024-10-07 | High Slope: 0.6835, Low Slope: 0.7675
2025-04-09 13:08:05 [INFO] 2024-10-08 | High Slope: 0.7227, Low Slope: 0.8115
2025-04-09 13:08:05 [INFO] 2024-10-09 | High Slope: 0.7746, Low Slope: 0.8812
2025-04-09 13:08:05 [INFO] 2024-10-10 | High Slope: 0.8338, Low Slope: 0.9599
2025-04-09 13:08:05 [INFO] 2024-10-11 | High Slope: 0.8817, Low Slope: 1.0216
2025-04-09 13:08:05 [INFO] 2024-10-14 | High Slope: 0.9533, Low Slope: 1.0977
2025-04-09 13:08:05 [INFO] 2024-10-15 | High Slope: 1.0521, Low Slope: 1.1953
2025-04-09 13:08:05 [INFO] 2024-10-16 | High Slope: 1.1152, Low Slope: 1.2156
2025-04-09 13:08:05 [INFO] 2024-10-17 | High Slope: 1.1100, Low Slope: 1.2247
2025-04-09 13:08:05 [INFO] 2024-10-18 | High Slope: 1.1083, Low Slope: 1.2244
2025-04-09 13:08:05 [INFO] 2024-10-21 | High Slope: 1.0719, Low Slope: 1.1582
2025-04-09 13:08:05 [INFO] 2024-10-22 | High Slope: 0.9898, Low Slope: 1.0816
2025-04-09 13:08:05 [INFO] 2024-10-23 | High Slope: 0.8981, Low Slope: 0.9909
2025-04-09 13:08:05 [INFO] 2024-10-24 | High Slope: 0.8145, Low Slope: 0.8216
2025-04-09 13:08:05 [INFO] 2024-10-25 | High Slope: 0.7356, Low Slope: 0.7374
2025-04-09 13:08:05 [INFO] 2024-10-28 | High Slope: 0.6998, Low Slope: 0.6974
2025-04-09 13:08:05 [INFO] 2024-10-29 | High Slope: 0.6431, Low Slope: 0.6671
2025-04-09 13:08:05 [INFO] 2024-10-30 | High Slope: 0.6019, Low Slope: 0.6197
2025-04-09 13:08:05 [INFO] 2024-10-31 | High Slope: 0.5698, Low Slope: 0.5695
2025-04-09 13:08:05 [INFO] 2024-11-01 | High Slope: 0.5098, Low Slope: 0.4903
2025-04-09 13:08:05 [INFO] 2024-11-04 | High Slope: 0.4349, Low Slope: 0.4162
2025-04-09 13:08:05 [INFO] 2024-11-05 | High Slope: 0.3446, Low Slope: 0.3422
2025-04-09 13:08:05 [INFO] 2024-11-06 | High Slope: 0.2876, Low Slope: 0.2817
2025-04-09 13:08:05 [INFO] 2024-11-07 | High Slope: 0.3292, Low Slope: 0.3243
2025-04-09 13:08:05 [INFO] 2024-11-08 | High Slope: 0.4116, Low Slope: 0.4151
2025-04-09 13:08:05 [INFO] 2024-11-11 | High Slope: 0.5000, Low Slope: 0.5196
2025-04-09 13:08:05 [INFO] 2024-11-12 | High Slope: 0.5817, Low Slope: 0.6020
2025-04-09 13:08:05 [INFO] 2024-11-13 | High Slope: 0.6442, Low Slope: 0.6405
2025-04-09 13:08:05 [INFO] 2024-11-14 | High Slope: 0.6666, Low Slope: 0.6653
2025-04-09 13:08:05 [INFO] 2024-11-15 | High Slope: 0.6663, Low Slope: 0.6636
2025-04-09 13:08:05 [INFO] 2024-11-18 | High Slope: 0.6292, Low Slope: 0.6114
2025-04-09 13:08:05 [INFO] 2024-11-19 | High Slope: 0.5705, Low Slope: 0.5517
2025-04-09 13:08:05 [INFO] 2024-11-20 | High Slope: 0.5265, Low Slope: 0.4952
2025-04-09 13:08:05 [INFO] 2024-11-21 | High Slope: 0.5002, Low Slope: 0.4569
2025-04-09 13:08:05 [INFO] 2024-11-22 | High Slope: 0.4949, Low Slope: 0.4445
2025-04-09 13:08:05 [INFO] 2024-11-25 | High Slope: 0.5074, Low Slope: 0.4727
2025-04-09 13:08:05 [INFO] 2024-11-26 | High Slope: 0.5769, Low Slope: 0.5395
2025-04-09 13:08:05 [INFO] 2024-11-27 | High Slope: 0.6399, Low Slope: 0.6032
2025-04-09 13:08:05 [INFO] 2024-11-29 | High Slope: 0.6785, Low Slope: 0.6562
2025-04-09 13:08:05 [INFO] 2024-12-02 | High Slope: 0.7477, Low Slope: 0.7364
2025-04-09 13:08:05 [INFO] 2024-12-03 | High Slope: 0.8104, Low Slope: 0.8317
2025-04-09 13:08:05 [INFO] 2024-12-04 | High Slope: 0.8601, Low Slope: 0.9038
2025-04-09 13:08:05 [INFO] 2024-12-05 | High Slope: 0.9229, Low Slope: 0.9815
2025-04-09 13:08:05 [INFO] 2024-12-06 | High Slope: 0.9598, Low Slope: 1.0161
2025-04-09 13:08:05 [INFO] 2024-12-09 | High Slope: 0.9774, Low Slope: 1.0560
2025-04-09 13:08:05 [INFO] 2024-12-10 | High Slope: 1.0046, Low Slope: 1.0740
2025-04-09 13:08:05 [INFO] 2024-12-11 | High Slope: 0.9962, Low Slope: 1.0847
2025-04-09 13:08:05 [INFO] 2024-12-12 | High Slope: 0.9958, Low Slope: 1.0931
2025-04-09 13:08:05 [INFO] 2024-12-13 | High Slope: 0.9789, Low Slope: 1.0879
2025-04-09 13:08:05 [INFO] 2024-12-16 | High Slope: 0.8984, Low Slope: 0.9875
2025-04-09 13:08:05 [INFO] 2024-12-17 | High Slope: 0.8077, Low Slope: 0.9023
2025-04-09 13:08:05 [INFO] 2024-12-18 | High Slope: 0.6651, Low Slope: 0.7683
2025-04-09 13:08:05 [INFO] 2024-12-19 | High Slope: 0.5451, Low Slope: 0.5277
2025-04-09 13:08:05 [INFO] 2024-12-20 | High Slope: 0.4301, Low Slope: 0.3821
2025-04-09 13:08:05 [INFO] SUMMARY - Total Trades: 33, Total Profit: $585.86, Win Rate: 87.88%
2025-04-09 13:08:21 [INFO] 2023-03-16 | High Slope: -0.8256, Low Slope: -0.8392
2025-04-09 13:08:21 [INFO] TRADE - Entry Date: 2023-03-16, Entry: 384.08, Exit: 382.69, Profit: -2.8
2025-04-09 13:08:21 [INFO] 2023-03-17 | High Slope: -0.8260, Low Slope: -0.9046
2025-04-09 13:08:21 [INFO] TRADE - Entry Date: 2023-03-17, Entry: 379.59, Exit: 385.2, Profit: 11.22
2025-04-09 13:08:21 [INFO] 2023-03-20 | High Slope: -0.7915, Low Slope: -0.8691
2025-04-09 13:08:21 [INFO] TRADE - Entry Date: 2023-03-20, Entry: 383.24, Exit: 385.92, Profit: 5.36
2025-04-09 13:08:21 [INFO] 2023-03-21 | High Slope: -0.7578, Low Slope: -0.8262
2025-04-09 13:08:21 [INFO] TRADE - Entry Date: 2023-03-21, Entry: 388.27, Exit: 385.05, Profit: -6.44
2025-04-09 13:08:21 [INFO] 2023-03-22 | High Slope: -0.7199, Low Slope: -0.7603
2025-04-09 13:08:21 [INFO] TRADE - Entry Date: 2023-03-22, Entry: 381.66, Exit: 390.65, Profit: 17.98
2025-04-09 13:08:21 [INFO] 2023-03-23 | High Slope: -0.6235, Low Slope: -0.7152
2025-04-09 13:08:21 [INFO] TRADE - Entry Date: 2023-03-23, Entry: 382.69, Exit: 392.94, Profit: 20.5
2025-04-09 13:08:21 [INFO] 2023-03-24 | High Slope: -0.5549, Low Slope: -0.6591
2025-04-09 13:08:21 [INFO] TRADE - Entry Date: 2023-03-24, Entry: 385.2, Exit: 398.47, Profit: 26.56
2025-04-09 13:08:21 [INFO] 2023-03-27 | High Slope: -0.5018, Low Slope: -0.6287
2025-04-09 13:08:21 [INFO] TRADE - Entry Date: 2023-03-27, Entry: 385.92, Exit: 399.99, Profit: 28.14
2025-04-09 13:08:21 [INFO] 2023-03-28 | High Slope: -0.4628, Low Slope: -0.5586
2025-04-09 13:08:21 [INFO] TRADE - Entry Date: 2023-03-28, Entry: 385.05, Exit: 397.77, Profit: 25.44
2025-04-09 13:08:21 [INFO] 2023-03-29 | High Slope: -0.4055, Low Slope: -0.4751
2025-04-09 13:08:21 [INFO] TRADE - Entry Date: 2023-03-29, Entry: 390.65, Exit: 396.73, Profit: 12.16
2025-04-09 13:08:21 [INFO] 2023-03-30 | High Slope: -0.2956, Low Slope: -0.3529
2025-04-09 13:08:21 [INFO] TRADE - Entry Date: 2023-03-30, Entry: 392.94, Exit: 398.28, Profit: 10.68
2025-04-09 13:08:21 [INFO] 2023-03-31 | High Slope: -0.1700, Low Slope: -0.2014
2025-04-09 13:08:21 [INFO] TRADE - Entry Date: 2023-03-31, Entry: 398.47, Exit: 398.69, Profit: 0.42
2025-04-09 13:08:21 [INFO] 2023-04-03 | High Slope: -0.0149, Low Slope: -0.0385
2025-04-09 13:08:21 [INFO] 2023-04-04 | High Slope: 0.1152, Low Slope: 0.1223
2025-04-09 13:08:21 [INFO] 2023-04-05 | High Slope: 0.2241, Low Slope: 0.2380
2025-04-09 13:08:21 [INFO] 2023-04-06 | High Slope: 0.2885, Low Slope: 0.3289
2025-04-09 13:08:21 [INFO] 2023-04-10 | High Slope: 0.3609, Low Slope: 0.4088
2025-04-09 13:08:21 [INFO] 2023-04-11 | High Slope: 0.3978, Low Slope: 0.4684
2025-04-09 13:08:21 [INFO] 2023-04-12 | High Slope: 0.4650, Low Slope: 0.5613
2025-04-09 13:08:21 [INFO] 2023-04-13 | High Slope: 0.5200, Low Slope: 0.6350
2025-04-09 13:08:21 [INFO] 2023-04-14 | High Slope: 0.5620, Low Slope: 0.6881
2025-04-09 13:08:21 [INFO] 2023-04-17 | High Slope: 0.6171, Low Slope: 0.7402
2025-04-09 13:08:21 [INFO] 2023-04-18 | High Slope: 0.6959, Low Slope: 0.8352
2025-04-09 13:08:21 [INFO] 2023-04-19 | High Slope: 0.8009, Low Slope: 0.9683
2025-04-09 13:08:21 [INFO] 2023-04-20 | High Slope: 0.8792, Low Slope: 1.0503
2025-04-09 13:08:21 [INFO] 2023-04-21 | High Slope: 0.9104, Low Slope: 1.1066
2025-04-09 13:08:21 [INFO] 2023-04-24 | High Slope: 0.9403, Low Slope: 1.1151
2025-04-09 13:08:21 [INFO] 2023-04-25 | High Slope: 0.9116, Low Slope: 1.0757
2025-04-09 13:08:21 [INFO] 2023-04-26 | High Slope: 0.8430, Low Slope: 0.9710
2025-04-09 13:08:21 [INFO] 2023-04-27 | High Slope: 0.7645, Low Slope: 0.8833
2025-04-09 13:08:21 [INFO] 2023-04-28 | High Slope: 0.6830, Low Slope: 0.7841
2025-04-09 13:08:21 [INFO] 2023-05-01 | High Slope: 0.6579, Low Slope: 0.7209
2025-04-09 13:08:21 [INFO] 2023-05-02 | High Slope: 0.6305, Low Slope: 0.6954
2025-04-09 13:08:21 [INFO] 2023-05-03 | High Slope: 0.5739, Low Slope: 0.6217
2025-04-09 13:08:21 [INFO] 2023-05-04 | High Slope: 0.5376, Low Slope: 0.5770
2025-04-09 13:08:21 [INFO] 2023-05-05 | High Slope: 0.4743, Low Slope: 0.4781
2025-04-09 13:08:21 [INFO] 2023-05-08 | High Slope: 0.4279, Low Slope: 0.3934
2025-04-09 13:08:21 [INFO] 2023-05-09 | High Slope: 0.3491, Low Slope: 0.3110
2025-04-09 13:08:21 [INFO] 2023-05-10 | High Slope: 0.2762, Low Slope: 0.2568
2025-04-09 13:08:21 [INFO] 2023-05-11 | High Slope: 0.1967, Low Slope: 0.1720
2025-04-09 13:08:21 [INFO] 2023-05-12 | High Slope: 0.1304, Low Slope: 0.1211
2025-04-09 13:08:21 [INFO] 2023-05-15 | High Slope: 0.0855, Low Slope: 0.0803
2025-04-09 13:08:21 [INFO] 2023-05-16 | High Slope: 0.0711, Low Slope: 0.0623
2025-04-09 13:08:21 [INFO] 2023-05-17 | High Slope: 0.0625, Low Slope: 0.0681
2025-04-09 13:08:21 [INFO] 2023-05-18 | High Slope: 0.0761, Low Slope: 0.0675
2025-04-09 13:08:21 [INFO] 2023-05-19 | High Slope: 0.0903, Low Slope: 0.0816
2025-04-09 13:08:21 [INFO] 2023-05-22 | High Slope: 0.1115, Low Slope: 0.1074
2025-04-09 13:08:21 [INFO] 2023-05-23 | High Slope: 0.1272, Low Slope: 0.1302
2025-04-09 13:08:21 [INFO] 2023-05-24 | High Slope: 0.1378, Low Slope: 0.1447
2025-04-09 13:08:21 [INFO] 2023-05-25 | High Slope: 0.1148, Low Slope: 0.1234
2025-04-09 13:08:21 [INFO] 2023-05-26 | High Slope: 0.1236, Low Slope: 0.1206
2025-04-09 13:08:21 [INFO] 2023-05-30 | High Slope: 0.1688, Low Slope: 0.1476
2025-04-09 13:08:21 [INFO] 2023-05-31 | High Slope: 0.2153, Low Slope: 0.2012
2025-04-09 13:08:21 [INFO] 2023-06-01 | High Slope: 0.2487, Low Slope: 0.2470
2025-04-09 13:08:21 [INFO] 2023-06-02 | High Slope: 0.2996, Low Slope: 0.2907
2025-04-09 13:08:21 [INFO] 2023-06-05 | High Slope: 0.3744, Low Slope: 0.3647
2025-04-09 13:08:21 [INFO] 2023-06-06 | High Slope: 0.4414, Low Slope: 0.4473
2025-04-09 13:08:21 [INFO] 2023-06-07 | High Slope: 0.4971, Low Slope: 0.5234
2025-04-09 13:08:21 [INFO] 2023-06-08 | High Slope: 0.5398, Low Slope: 0.5629
2025-04-09 13:08:21 [INFO] 2023-06-09 | High Slope: 0.5520, Low Slope: 0.5767
2025-04-09 13:08:21 [INFO] 2023-06-12 | High Slope: 0.6025, Low Slope: 0.6201
2025-04-09 13:08:21 [INFO] 2023-06-13 | High Slope: 0.6782, Low Slope: 0.6935
2025-04-09 13:08:21 [INFO] 2023-06-14 | High Slope: 0.7792, Low Slope: 0.8126
2025-04-09 13:08:21 [INFO] 2023-06-15 | High Slope: 0.8636, Low Slope: 0.8667
2025-04-09 13:08:21 [INFO] 2023-06-16 | High Slope: 0.9616, Low Slope: 0.9260
2025-04-09 13:08:21 [INFO] 2023-06-20 | High Slope: 1.0108, Low Slope: 0.9733
2025-04-09 13:08:21 [INFO] 2023-06-21 | High Slope: 1.0538, Low Slope: 1.0127
2025-04-09 13:08:21 [INFO] 2023-06-22 | High Slope: 1.0735, Low Slope: 1.0533
2025-04-09 13:08:21 [INFO] 2023-06-23 | High Slope: 1.0722, Low Slope: 1.0746
2025-04-09 13:08:21 [INFO] 2023-06-26 | High Slope: 1.0661, Low Slope: 1.0660
2025-04-09 13:08:21 [INFO] 2023-06-27 | High Slope: 1.0335, Low Slope: 1.0458
2025-04-09 13:08:21 [INFO] 2023-06-28 | High Slope: 1.0126, Low Slope: 1.0140
2025-04-09 13:08:21 [INFO] 2023-06-29 | High Slope: 0.9834, Low Slope: 0.9954
2025-04-09 13:08:21 [INFO] 2023-06-30 | High Slope: 0.9444, Low Slope: 0.9728
2025-04-09 13:08:21 [INFO] 2023-07-03 | High Slope: 0.9520, Low Slope: 0.9763
2025-04-09 13:08:21 [INFO] 2023-07-05 | High Slope: 0.9708, Low Slope: 1.0025
2025-04-09 13:08:21 [INFO] 2023-07-06 | High Slope: 0.9841, Low Slope: 1.0293
2025-04-09 13:08:21 [INFO] 2023-07-07 | High Slope: 0.9606, Low Slope: 1.0143
2025-04-09 13:08:21 [INFO] 2023-07-10 | High Slope: 0.9326, Low Slope: 0.9732
2025-04-09 13:08:21 [INFO] 2023-07-11 | High Slope: 0.8363, Low Slope: 0.8908
2025-04-09 13:08:21 [INFO] 2023-07-12 | High Slope: 0.7697, Low Slope: 0.8243
2025-04-09 13:08:21 [INFO] 2023-07-13 | High Slope: 0.7502, Low Slope: 0.7989
2025-04-09 13:08:21 [INFO] 2023-07-14 | High Slope: 0.7488, Low Slope: 0.7994
2025-04-09 13:08:21 [INFO] 2023-07-17 | High Slope: 0.7183, Low Slope: 0.7764
2025-04-09 13:08:21 [INFO] 2023-07-18 | High Slope: 0.7016, Low Slope: 0.7462
2025-04-09 13:08:21 [INFO] 2023-07-19 | High Slope: 0.7291, Low Slope: 0.7555
2025-04-09 13:08:21 [INFO] 2023-07-20 | High Slope: 0.7604, Low Slope: 0.7946
2025-04-09 13:08:21 [INFO] 2023-07-21 | High Slope: 0.7640, Low Slope: 0.8016
2025-04-09 13:08:21 [INFO] 2023-07-24 | High Slope: 0.7564, Low Slope: 0.8023
2025-04-09 13:08:21 [INFO] 2023-07-25 | High Slope: 0.7429, Low Slope: 0.7898
2025-04-09 13:08:21 [INFO] 2023-07-26 | High Slope: 0.7443, Low Slope: 0.7954
2025-04-09 13:08:21 [INFO] 2023-07-27 | High Slope: 0.7486, Low Slope: 0.7952
2025-04-09 13:08:21 [INFO] 2023-07-28 | High Slope: 0.7807, Low Slope: 0.8026
2025-04-09 13:08:21 [INFO] 2023-07-31 | High Slope: 0.8037, Low Slope: 0.8009
2025-04-09 13:08:21 [INFO] 2023-08-01 | High Slope: 0.8527, Low Slope: 0.8304
2025-04-09 13:08:21 [INFO] 2023-08-02 | High Slope: 0.8982, Low Slope: 0.8764
2025-04-09 13:08:21 [INFO] 2023-08-03 | High Slope: 0.8789, Low Slope: 0.8500
2025-04-09 13:08:21 [INFO] 2023-08-04 | High Slope: 0.8265, Low Slope: 0.8001
2025-04-09 13:08:21 [INFO] 2023-08-07 | High Slope: 0.7790, Low Slope: 0.7328
2025-04-09 13:08:21 [INFO] 2023-08-08 | High Slope: 0.7011, Low Slope: 0.6631
2025-04-09 13:08:21 [INFO] 2023-08-09 | High Slope: 0.6121, Low Slope: 0.5610
2025-04-09 13:08:21 [INFO] 2023-08-10 | High Slope: 0.5216, Low Slope: 0.4554
2025-04-09 13:08:21 [INFO] 2023-08-11 | High Slope: 0.4457, Low Slope: 0.3596
2025-04-09 13:08:21 [INFO] 2023-08-14 | High Slope: 0.3377, Low Slope: 0.2583
2025-04-09 13:08:21 [INFO] 2023-08-15 | High Slope: 0.2755, Low Slope: 0.1977
2025-04-09 13:08:21 [INFO] 2023-08-16 | High Slope: 0.2009, Low Slope: 0.1329
2025-04-09 13:08:21 [INFO] 2023-08-17 | High Slope: 0.1084, Low Slope: 0.0457
2025-04-09 13:08:21 [INFO] 2023-08-18 | High Slope: -0.0270, Low Slope: -0.0968
2025-04-09 13:08:21 [INFO] TRADE - Entry Date: 2023-08-18, Entry: 426.44, Exit: 429.83, Profit: 6.78
2025-04-09 13:08:21 [INFO] 2023-08-21 | High Slope: -0.1703, Low Slope: -0.2477
2025-04-09 13:08:21 [INFO] TRADE - Entry Date: 2023-08-21, Entry: 429.21, Exit: 432.56, Profit: 6.68
2025-04-09 13:08:21 [INFO] 2023-08-22 | High Slope: -0.3143, Low Slope: -0.3865
2025-04-09 13:08:21 [INFO] TRADE - Entry Date: 2023-08-22, Entry: 428.05, Exit: 438.81, Profit: 21.52
2025-04-09 13:08:21 [INFO] 2023-08-23 | High Slope: -0.4305, Low Slope: -0.4976
2025-04-09 13:08:21 [INFO] TRADE - Entry Date: 2023-08-23, Entry: 432.82, Exit: 440.62, Profit: 15.6
2025-04-09 13:08:21 [INFO] 2023-08-24 | High Slope: -0.4998, Low Slope: -0.5615
2025-04-09 13:08:21 [INFO] TRADE - Entry Date: 2023-08-24, Entry: 426.82, Exit: 439.97, Profit: 26.3
2025-04-09 13:08:21 [INFO] 2023-08-25 | High Slope: -0.5382, Low Slope: -0.6198
2025-04-09 13:08:21 [INFO] TRADE - Entry Date: 2023-08-25, Entry: 429.83, Exit: 440.79, Profit: 21.92
2025-04-09 13:08:21 [INFO] 2023-08-28 | High Slope: -0.5925, Low Slope: -0.6783
2025-04-09 13:08:21 [INFO] TRADE - Entry Date: 2023-08-28, Entry: 432.56, Exit: 438.89, Profit: 12.66
2025-04-09 13:08:21 [INFO] 2023-08-29 | High Slope: -0.6253, Low Slope: -0.6955
2025-04-09 13:08:21 [INFO] TRADE - Entry Date: 2023-08-29, Entry: 438.81, Exit: 435.94, Profit: -5.74
2025-04-09 13:08:21 [INFO] 2023-08-30 | High Slope: -0.5965, Low Slope: -0.6866
2025-04-09 13:08:21 [INFO] TRADE - Entry Date: 2023-08-30, Entry: 440.62, Exit: 434.6, Profit: -12.04
2025-04-09 13:08:21 [INFO] 2023-08-31 | High Slope: -0.5408, Low Slope: -0.6072
2025-04-09 13:08:21 [INFO] TRADE - Entry Date: 2023-08-31, Entry: 439.97, Exit: 435.25, Profit: -9.44
2025-04-09 13:08:21 [INFO] 2023-09-01 | High Slope: -0.4847, Low Slope: -0.5348
2025-04-09 13:08:21 [INFO] TRADE - Entry Date: 2023-09-01, Entry: 440.79, Exit: 438.11, Profit: -5.36
2025-04-09 13:08:21 [INFO] 2023-09-05 | High Slope: -0.4285, Low Slope: -0.4599
2025-04-09 13:08:21 [INFO] TRADE - Entry Date: 2023-09-05, Entry: 438.89, Exit: 435.71, Profit: -6.36
2025-04-09 13:08:21 [INFO] 2023-09-06 | High Slope: -0.3828, Low Slope: -0.3863
2025-04-09 13:08:21 [INFO] TRADE - Entry Date: 2023-09-06, Entry: 435.94, Exit: 436.22, Profit: 0.56
2025-04-09 13:08:21 [INFO] 2023-09-07 | High Slope: -0.3399, Low Slope: -0.3345
2025-04-09 13:08:21 [INFO] TRADE - Entry Date: 2023-09-07, Entry: 434.6, Exit: 439.98, Profit: 10.76
2025-04-09 13:08:21 [INFO] 2023-09-08 | High Slope: -0.3104, Low Slope: -0.2884
2025-04-09 13:08:21 [INFO] TRADE - Entry Date: 2023-09-08, Entry: 435.25, Exit: 434.68, Profit: -1.14
2025-04-09 13:08:21 [INFO] 2023-09-11 | High Slope: -0.2496, Low Slope: -0.2387
2025-04-09 13:08:21 [INFO] TRADE - Entry Date: 2023-09-11, Entry: 438.11, Exit: 434.93, Profit: -6.36
2025-04-09 13:08:21 [INFO] 2023-09-12 | High Slope: -0.1842, Low Slope: -0.1674
2025-04-09 13:08:21 [INFO] TRADE - Entry Date: 2023-09-12, Entry: 435.71, Exit: 434.03, Profit: -3.36
2025-04-09 13:08:21 [INFO] 2023-09-13 | High Slope: -0.1138, Low Slope: -0.0764
2025-04-09 13:08:21 [INFO] TRADE - Entry Date: 2023-09-13, Entry: 436.22, Exit: 430.04, Profit: -12.36
2025-04-09 13:08:21 [INFO] 2023-09-14 | High Slope: -0.0505, Low Slope: 0.0136
2025-04-09 13:08:21 [INFO] TRADE - Entry Date: 2023-09-14, Entry: 439.98, Exit: 422.93, Profit: -34.1
2025-04-09 13:08:21 [INFO] 2023-09-15 | High Slope: 0.0130, Low Slope: 0.0834
2025-04-09 13:08:21 [INFO] 2023-09-18 | High Slope: 0.0465, Low Slope: 0.1202
2025-04-09 13:08:21 [INFO] 2023-09-19 | High Slope: 0.0790, Low Slope: 0.1485
2025-04-09 13:08:21 [INFO] 2023-09-20 | High Slope: 0.0901, Low Slope: 0.1727
2025-04-09 13:08:21 [INFO] 2023-09-21 | High Slope: 0.1098, Low Slope: 0.1719
2025-04-09 13:08:21 [INFO] 2023-09-22 | High Slope: 0.0679, Low Slope: 0.1258
2025-04-09 13:08:21 [INFO] 2023-09-25 | High Slope: 0.0362, Low Slope: 0.0754
2025-04-09 13:08:21 [INFO] 2023-09-26 | High Slope: -0.0339, Low Slope: 0.0136
2025-04-09 13:08:21 [INFO] TRADE - Entry Date: 2023-09-26, Entry: 417.53, Exit: 413.33, Profit: -8.42
2025-04-09 13:08:21 [INFO] 2023-09-27 | High Slope: -0.1044, Low Slope: -0.0590
2025-04-09 13:08:21 [INFO] TRADE - Entry Date: 2023-09-27, Entry: 417.7, Exit: 416.34, Profit: -2.72
2025-04-09 13:08:21 [INFO] 2023-09-28 | High Slope: -0.1910, Low Slope: -0.1550
2025-04-09 13:08:21 [INFO] TRADE - Entry Date: 2023-09-28, Entry: 420.12, Exit: 416.18, Profit: -7.88
2025-04-09 13:08:21 [INFO] 2023-09-29 | High Slope: -0.2703, Low Slope: -0.2454
2025-04-09 13:08:21 [INFO] TRADE - Entry Date: 2023-09-29, Entry: 419.1, Exit: 421.12, Profit: 4.04
2025-04-09 13:08:21 [INFO] 2023-10-02 | High Slope: -0.3527, Low Slope: -0.3490
2025-04-09 13:08:21 [INFO] TRADE - Entry Date: 2023-10-02, Entry: 418.93, Exit: 423.82, Profit: 9.76
2025-04-09 13:08:21 [INFO] 2023-10-03 | High Slope: -0.4781, Low Slope: -0.4765
2025-04-09 13:08:21 [INFO] TRADE - Entry Date: 2023-10-03, Entry: 413.33, Exit: 426.02, Profit: 25.4
2025-04-09 13:08:21 [INFO] 2023-10-04 | High Slope: -0.5909, Low Slope: -0.6125
2025-04-09 13:08:21 [INFO] TRADE - Entry Date: 2023-10-04, Entry: 416.34, Exit: 427.77, Profit: 22.86
2025-04-09 13:08:21 [INFO] 2023-10-05 | High Slope: -0.7039, Low Slope: -0.7250
2025-04-09 13:08:21 [INFO] TRADE - Entry Date: 2023-10-05, Entry: 416.18, Exit: 425.16, Profit: 17.96
2025-04-09 13:08:21 [INFO] 2023-10-06 | High Slope: -0.7943, Low Slope: -0.8166
2025-04-09 13:08:21 [INFO] TRADE - Entry Date: 2023-10-06, Entry: 421.12, Exit: 423.04, Profit: 3.84
2025-04-09 13:08:21 [INFO] 2023-10-09 | High Slope: -0.8305, Low Slope: -0.9197
2025-04-09 13:08:21 [INFO] TRADE - Entry Date: 2023-10-09, Entry: 423.82, Exit: 427.49, Profit: 7.36
2025-04-09 13:08:21 [INFO] 2023-10-10 | High Slope: -0.8767, Low Slope: -0.9884
2025-04-09 13:08:21 [INFO] TRADE - Entry Date: 2023-10-10, Entry: 426.02, Exit: 427.47, Profit: 2.9
2025-04-09 13:08:21 [INFO] 2023-10-11 | High Slope: -0.8782, Low Slope: -0.9859
2025-04-09 13:08:21 [INFO] TRADE - Entry Date: 2023-10-11, Entry: 427.77, Exit: 421.78, Profit: -11.98
2025-04-09 13:08:21 [INFO] 2023-10-12 | High Slope: -0.8410, Low Slope: -0.9599
2025-04-09 13:08:21 [INFO] TRADE - Entry Date: 2023-10-12, Entry: 425.16, Exit: 418.07, Profit: -14.18
2025-04-09 13:08:21 [INFO] 2023-10-13 | High Slope: -0.7790, Low Slope: -0.9003
2025-04-09 13:08:21 [INFO] TRADE - Entry Date: 2023-10-13, Entry: 423.04, Exit: 412.93, Profit: -20.22
2025-04-09 13:08:21 [INFO] 2023-10-16 | High Slope: -0.7094, Low Slope: -0.8330
2025-04-09 13:08:21 [INFO] TRADE - Entry Date: 2023-10-16, Entry: 427.49, Exit: 412.22, Profit: -30.54
2025-04-09 13:08:21 [INFO] 2023-10-17 | High Slope: -0.6233, Low Slope: -0.7374
2025-04-09 13:08:21 [INFO] TRADE - Entry Date: 2023-10-17, Entry: 427.47, Exit: 415.33, Profit: -24.3
2025-04-09 13:08:21 [INFO] 2023-10-18 | High Slope: -0.5419, Low Slope: -0.6460
2025-04-09 13:08:21 [INFO] TRADE - Entry Date: 2023-10-18, Entry: 421.78, Exit: 409.37, Profit: -24.82
2025-04-09 13:08:21 [INFO] 2023-10-19 | High Slope: -0.4915, Low Slope: -0.6053
2025-04-09 13:08:21 [INFO] TRADE - Entry Date: 2023-10-19, Entry: 418.07, Exit: 404.46, Profit: -27.22
2025-04-09 13:08:21 [INFO] 2023-10-20 | High Slope: -0.4708, Low Slope: -0.5873
2025-04-09 13:08:21 [INFO] TRADE - Entry Date: 2023-10-20, Entry: 412.93, Exit: 402.63, Profit: -20.6
2025-04-09 13:08:21 [INFO] 2023-10-23 | High Slope: -0.4745, Low Slope: -0.5800
2025-04-09 13:08:21 [INFO] TRADE - Entry Date: 2023-10-23, Entry: 412.22, Exit: 407.44, Profit: -9.54
2025-04-09 13:08:21 [INFO] 2023-10-24 | High Slope: -0.4719, Low Slope: -0.5708
2025-04-09 13:08:21 [INFO] TRADE - Entry Date: 2023-10-24, Entry: 415.33, Exit: 410.0, Profit: -10.64
2025-04-09 13:08:21 [INFO] 2023-10-25 | High Slope: -0.4586, Low Slope: -0.5385
2025-04-09 13:08:21 [INFO] TRADE - Entry Date: 2023-10-25, Entry: 409.37, Exit: 414.38, Profit: 10.02
2025-04-09 13:08:21 [INFO] 2023-10-26 | High Slope: -0.4596, Low Slope: -0.5217
2025-04-09 13:08:21 [INFO] TRADE - Entry Date: 2023-10-26, Entry: 404.46, Exit: 422.32, Profit: 35.7
2025-04-09 13:08:21 [INFO] 2023-10-27 | High Slope: -0.4564, Low Slope: -0.5098
2025-04-09 13:08:21 [INFO] TRADE - Entry Date: 2023-10-27, Entry: 402.63, Exit: 426.17, Profit: 47.08
2025-04-09 13:08:21 [INFO] 2023-10-30 | High Slope: -0.4700, Low Slope: -0.5198
2025-04-09 13:08:21 [INFO] TRADE - Entry Date: 2023-10-30, Entry: 407.44, Exit: 427.15, Profit: 39.42
2025-04-09 13:08:21 [INFO] 2023-10-31 | High Slope: -0.4730, Low Slope: -0.4985
2025-04-09 13:08:21 [INFO] TRADE - Entry Date: 2023-10-31, Entry: 410.0, Exit: 428.37, Profit: 36.72
2025-04-09 13:08:21 [INFO] 2023-11-01 | High Slope: -0.4634, Low Slope: -0.4691
2025-04-09 13:08:21 [INFO] TRADE - Entry Date: 2023-11-01, Entry: 414.38, Exit: 428.68, Profit: 28.6
2025-04-09 13:08:21 [INFO] 2023-11-02 | High Slope: -0.4038, Low Slope: -0.4106
2025-04-09 13:08:21 [INFO] TRADE - Entry Date: 2023-11-02, Entry: 422.32, Exit: 425.34, Profit: 6.04
2025-04-09 13:08:21 [INFO] 2023-11-03 | High Slope: -0.3454, Low Slope: -0.3422
2025-04-09 13:08:21 [INFO] TRADE - Entry Date: 2023-11-03, Entry: 426.17, Exit: 431.97, Profit: 11.6
2025-04-09 13:08:21 [INFO] 2023-11-06 | High Slope: -0.2634, Low Slope: -0.2392
2025-04-09 13:08:21 [INFO] TRADE - Entry Date: 2023-11-06, Entry: 427.15, Exit: 431.56, Profit: 8.82
2025-04-09 13:08:21 [INFO] 2023-11-07 | High Slope: -0.1957, Low Slope: -0.1420
2025-04-09 13:08:21 [INFO] TRADE - Entry Date: 2023-11-07, Entry: 428.37, Exit: 439.93, Profit: 23.14
2025-04-09 13:08:21 [INFO] 2023-11-08 | High Slope: -0.1371, Low Slope: -0.0666
2025-04-09 13:08:21 [INFO] TRADE - Entry Date: 2023-11-08, Entry: 428.68, Exit: 440.87, Profit: 36.57
2025-04-09 13:08:21 [INFO] 2023-11-09 | High Slope: -0.0933, Low Slope: -0.0116
2025-04-09 13:08:21 [INFO] TRADE - Entry Date: 2023-11-09, Entry: 425.34, Exit: 441.41, Profit: 48.21
2025-04-09 13:08:21 [INFO] 2023-11-10 | High Slope: -0.0342, Low Slope: 0.0460
2025-04-09 13:08:21 [INFO] TRADE - Entry Date: 2023-11-10, Entry: 431.97, Exit: 441.95, Profit: 29.94
2025-04-09 13:08:21 [INFO] 2023-11-13 | High Slope: 0.0477, Low Slope: 0.1097
2025-04-09 13:08:21 [INFO] 2023-11-14 | High Slope: 0.1062, Low Slope: 0.1892
2025-04-09 13:08:21 [INFO] 2023-11-15 | High Slope: 0.2061, Low Slope: 0.2822
2025-04-09 13:08:21 [INFO] 2023-11-16 | High Slope: 0.2913, Low Slope: 0.3835
2025-04-09 13:08:21 [INFO] 2023-11-17 | High Slope: 0.3596, Low Slope: 0.4724
2025-04-09 13:08:21 [INFO] 2023-11-20 | High Slope: 0.4612, Low Slope: 0.5531
2025-04-09 13:08:21 [INFO] 2023-11-21 | High Slope: 0.5894, Low Slope: 0.6724
2025-04-09 13:08:21 [INFO] 2023-11-22 | High Slope: 0.7308, Low Slope: 0.8278
2025-04-09 13:08:21 [INFO] 2023-11-24 | High Slope: 0.8748, Low Slope: 0.9914
2025-04-09 13:08:21 [INFO] 2023-11-27 | High Slope: 1.0097, Low Slope: 1.1380
2025-04-09 13:08:21 [INFO] 2023-11-28 | High Slope: 1.1306, Low Slope: 1.2612
2025-04-09 13:08:21 [INFO] 2023-11-29 | High Slope: 1.2528, Low Slope: 1.3951
2025-04-09 13:08:21 [INFO] 2023-11-30 | High Slope: 1.3863, Low Slope: 1.5172
2025-04-09 13:08:21 [INFO] 2023-12-01 | High Slope: 1.4812, Low Slope: 1.6016
2025-04-09 13:08:21 [INFO] 2023-12-04 | High Slope: 1.5690, Low Slope: 1.6642
2025-04-09 13:08:21 [INFO] 2023-12-05 | High Slope: 1.5993, Low Slope: 1.6774
2025-04-09 13:08:21 [INFO] 2023-12-06 | High Slope: 1.5916, Low Slope: 1.6572
2025-04-09 13:08:21 [INFO] 2023-12-07 | High Slope: 1.5798, Low Slope: 1.6372
2025-04-09 13:08:21 [INFO] 2023-12-08 | High Slope: 1.5339, Low Slope: 1.5899
2025-04-09 13:08:21 [INFO] 2023-12-11 | High Slope: 1.4526, Low Slope: 1.4947
2025-04-09 13:08:21 [INFO] 2023-12-12 | High Slope: 1.3429, Low Slope: 1.3777
2025-04-09 13:08:21 [INFO] 2023-12-13 | High Slope: 1.2393, Low Slope: 1.2663
2025-04-09 13:08:21 [INFO] 2023-12-14 | High Slope: 1.1690, Low Slope: 1.1695
2025-04-09 13:08:21 [INFO] 2023-12-15 | High Slope: 1.1283, Low Slope: 1.1134
2025-04-09 13:08:21 [INFO] 2023-12-18 | High Slope: 1.1087, Low Slope: 1.0892
2025-04-09 13:08:21 [INFO] 2023-12-19 | High Slope: 1.1218, Low Slope: 1.1055
2025-04-09 13:08:21 [INFO] 2023-12-20 | High Slope: 1.1294, Low Slope: 1.1257
2025-04-09 13:08:21 [INFO] SUMMARY - Total Trades: 65, Total Profit: $418.66, Win Rate: 61.54%
2025-04-09 13:09:18 [INFO] 2023-03-16 | High Slope: -0.8256, Low Slope: -0.8392
2025-04-09 13:09:18 [INFO] TRADE - Entry Date: 2023-03-16, Entry: 384.08, Exit: 382.69, Profit: -2.8
2025-04-09 13:09:18 [INFO] 2023-03-17 | High Slope: -0.8260, Low Slope: -0.9046
2025-04-09 13:09:18 [INFO] TRADE - Entry Date: 2023-03-17, Entry: 379.59, Exit: 385.2, Profit: 11.22
2025-04-09 13:09:18 [INFO] 2023-03-20 | High Slope: -0.7915, Low Slope: -0.8691
2025-04-09 13:09:18 [INFO] TRADE - Entry Date: 2023-03-20, Entry: 383.24, Exit: 385.92, Profit: 5.36
2025-04-09 13:09:18 [INFO] 2023-03-21 | High Slope: -0.7578, Low Slope: -0.8262
2025-04-09 13:09:18 [INFO] TRADE - Entry Date: 2023-03-21, Entry: 388.27, Exit: 385.05, Profit: -6.44
2025-04-09 13:09:18 [INFO] 2023-03-22 | High Slope: -0.7199, Low Slope: -0.7603
2025-04-09 13:09:18 [INFO] TRADE - Entry Date: 2023-03-22, Entry: 381.66, Exit: 390.65, Profit: 17.98
2025-04-09 13:09:18 [INFO] 2023-03-23 | High Slope: -0.6235, Low Slope: -0.7152
2025-04-09 13:09:18 [INFO] TRADE - Entry Date: 2023-03-23, Entry: 382.69, Exit: 392.94, Profit: 20.5
2025-04-09 13:09:18 [INFO] 2023-03-24 | High Slope: -0.5549, Low Slope: -0.6591
2025-04-09 13:09:18 [INFO] TRADE - Entry Date: 2023-03-24, Entry: 385.2, Exit: 398.47, Profit: 26.56
2025-04-09 13:09:18 [INFO] 2023-03-27 | High Slope: -0.5018, Low Slope: -0.6287
2025-04-09 13:09:18 [INFO] TRADE - Entry Date: 2023-03-27, Entry: 385.92, Exit: 399.99, Profit: 28.14
2025-04-09 13:09:18 [INFO] 2023-03-28 | High Slope: -0.4628, Low Slope: -0.5586
2025-04-09 13:09:18 [INFO] TRADE - Entry Date: 2023-03-28, Entry: 385.05, Exit: 397.77, Profit: 25.44
2025-04-09 13:09:18 [INFO] 2023-03-29 | High Slope: -0.4055, Low Slope: -0.4751
2025-04-09 13:09:18 [INFO] TRADE - Entry Date: 2023-03-29, Entry: 390.65, Exit: 396.73, Profit: 12.16
2025-04-09 13:09:18 [INFO] 2023-03-30 | High Slope: -0.2956, Low Slope: -0.3529
2025-04-09 13:09:18 [INFO] TRADE - Entry Date: 2023-03-30, Entry: 392.94, Exit: 398.28, Profit: 10.68
2025-04-09 13:09:18 [INFO] 2023-03-31 | High Slope: -0.1700, Low Slope: -0.2014
2025-04-09 13:09:18 [INFO] TRADE - Entry Date: 2023-03-31, Entry: 398.47, Exit: 398.69, Profit: 0.42
2025-04-09 13:09:18 [INFO] 2023-04-03 | High Slope: -0.0149, Low Slope: -0.0385
2025-04-09 13:09:18 [INFO] 2023-04-04 | High Slope: 0.1152, Low Slope: 0.1223
2025-04-09 13:09:18 [INFO] 2023-04-05 | High Slope: 0.2241, Low Slope: 0.2380
2025-04-09 13:09:18 [INFO] 2023-04-06 | High Slope: 0.2885, Low Slope: 0.3289
2025-04-09 13:09:18 [INFO] 2023-04-10 | High Slope: 0.3609, Low Slope: 0.4088
2025-04-09 13:09:18 [INFO] 2023-04-11 | High Slope: 0.3978, Low Slope: 0.4684
2025-04-09 13:09:18 [INFO] 2023-04-12 | High Slope: 0.4650, Low Slope: 0.5613
2025-04-09 13:09:18 [INFO] 2023-04-13 | High Slope: 0.5200, Low Slope: 0.6350
2025-04-09 13:09:18 [INFO] 2023-04-14 | High Slope: 0.5620, Low Slope: 0.6881
2025-04-09 13:09:18 [INFO] 2023-04-17 | High Slope: 0.6171, Low Slope: 0.7402
2025-04-09 13:09:18 [INFO] 2023-04-18 | High Slope: 0.6958, Low Slope: 0.8352
2025-04-09 13:09:18 [INFO] 2023-04-19 | High Slope: 0.8009, Low Slope: 0.9683
2025-04-09 13:09:18 [INFO] 2023-04-20 | High Slope: 0.8792, Low Slope: 1.0503
2025-04-09 13:09:18 [INFO] 2023-04-21 | High Slope: 0.9104, Low Slope: 1.1066
2025-04-09 13:09:18 [INFO] 2023-04-24 | High Slope: 0.9403, Low Slope: 1.1151
2025-04-09 13:09:18 [INFO] 2023-04-25 | High Slope: 0.9116, Low Slope: 1.0757
2025-04-09 13:09:18 [INFO] 2023-04-26 | High Slope: 0.8430, Low Slope: 0.9710
2025-04-09 13:09:18 [INFO] 2023-04-27 | High Slope: 0.7645, Low Slope: 0.8833
2025-04-09 13:09:18 [INFO] 2023-04-28 | High Slope: 0.6830, Low Slope: 0.7841
2025-04-09 13:09:18 [INFO] 2023-05-01 | High Slope: 0.6579, Low Slope: 0.7209
2025-04-09 13:09:18 [INFO] 2023-05-02 | High Slope: 0.6305, Low Slope: 0.6954
2025-04-09 13:09:18 [INFO] 2023-05-03 | High Slope: 0.5739, Low Slope: 0.6217
2025-04-09 13:09:18 [INFO] 2023-05-04 | High Slope: 0.5376, Low Slope: 0.5770
2025-04-09 13:09:18 [INFO] 2023-05-05 | High Slope: 0.4743, Low Slope: 0.4781
2025-04-09 13:09:18 [INFO] 2023-05-08 | High Slope: 0.4279, Low Slope: 0.3934
2025-04-09 13:09:18 [INFO] 2023-05-09 | High Slope: 0.3491, Low Slope: 0.3110
2025-04-09 13:09:18 [INFO] 2023-05-10 | High Slope: 0.2762, Low Slope: 0.2568
2025-04-09 13:09:18 [INFO] 2023-05-11 | High Slope: 0.1967, Low Slope: 0.1720
2025-04-09 13:09:18 [INFO] 2023-05-12 | High Slope: 0.1304, Low Slope: 0.1211
2025-04-09 13:09:18 [INFO] 2023-05-15 | High Slope: 0.0855, Low Slope: 0.0803
2025-04-09 13:09:18 [INFO] 2023-05-16 | High Slope: 0.0711, Low Slope: 0.0623
2025-04-09 13:09:18 [INFO] 2023-05-17 | High Slope: 0.0625, Low Slope: 0.0681
2025-04-09 13:09:18 [INFO] 2023-05-18 | High Slope: 0.0761, Low Slope: 0.0675
2025-04-09 13:09:18 [INFO] 2023-05-19 | High Slope: 0.0903, Low Slope: 0.0816
2025-04-09 13:09:18 [INFO] 2023-05-22 | High Slope: 0.1115, Low Slope: 0.1074
2025-04-09 13:09:18 [INFO] 2023-05-23 | High Slope: 0.1272, Low Slope: 0.1302
2025-04-09 13:09:18 [INFO] 2023-05-24 | High Slope: 0.1378, Low Slope: 0.1447
2025-04-09 13:09:18 [INFO] 2023-05-25 | High Slope: 0.1148, Low Slope: 0.1234
2025-04-09 13:09:18 [INFO] 2023-05-26 | High Slope: 0.1236, Low Slope: 0.1206
2025-04-09 13:09:18 [INFO] 2023-05-30 | High Slope: 0.1688, Low Slope: 0.1476
2025-04-09 13:09:18 [INFO] 2023-05-31 | High Slope: 0.2153, Low Slope: 0.2012
2025-04-09 13:09:18 [INFO] 2023-06-01 | High Slope: 0.2487, Low Slope: 0.2470
2025-04-09 13:09:18 [INFO] 2023-06-02 | High Slope: 0.2996, Low Slope: 0.2907
2025-04-09 13:09:18 [INFO] 2023-06-05 | High Slope: 0.3744, Low Slope: 0.3647
2025-04-09 13:09:18 [INFO] 2023-06-06 | High Slope: 0.4414, Low Slope: 0.4473
2025-04-09 13:09:18 [INFO] 2023-06-07 | High Slope: 0.4971, Low Slope: 0.5234
2025-04-09 13:09:18 [INFO] 2023-06-08 | High Slope: 0.5398, Low Slope: 0.5629
2025-04-09 13:09:18 [INFO] 2023-06-09 | High Slope: 0.5520, Low Slope: 0.5767
2025-04-09 13:09:18 [INFO] 2023-06-12 | High Slope: 0.6025, Low Slope: 0.6201
2025-04-09 13:09:18 [INFO] 2023-06-13 | High Slope: 0.6782, Low Slope: 0.6935
2025-04-09 13:09:18 [INFO] 2023-06-14 | High Slope: 0.7792, Low Slope: 0.8126
2025-04-09 13:09:18 [INFO] 2023-06-15 | High Slope: 0.8636, Low Slope: 0.8667
2025-04-09 13:09:18 [INFO] 2023-06-16 | High Slope: 0.9616, Low Slope: 0.9260
2025-04-09 13:09:18 [INFO] 2023-06-20 | High Slope: 1.0108, Low Slope: 0.9733
2025-04-09 13:09:18 [INFO] 2023-06-21 | High Slope: 1.0538, Low Slope: 1.0127
2025-04-09 13:09:18 [INFO] 2023-06-22 | High Slope: 1.0735, Low Slope: 1.0533
2025-04-09 13:09:18 [INFO] 2023-06-23 | High Slope: 1.0722, Low Slope: 1.0746
2025-04-09 13:09:18 [INFO] 2023-06-26 | High Slope: 1.0661, Low Slope: 1.0660
2025-04-09 13:09:18 [INFO] 2023-06-27 | High Slope: 1.0335, Low Slope: 1.0458
2025-04-09 13:09:18 [INFO] 2023-06-28 | High Slope: 1.0126, Low Slope: 1.0140
2025-04-09 13:09:18 [INFO] 2023-06-29 | High Slope: 0.9834, Low Slope: 0.9954
2025-04-09 13:09:18 [INFO] 2023-06-30 | High Slope: 0.9444, Low Slope: 0.9728
2025-04-09 13:09:18 [INFO] 2023-07-03 | High Slope: 0.9520, Low Slope: 0.9763
2025-04-09 13:09:18 [INFO] 2023-07-05 | High Slope: 0.9708, Low Slope: 1.0025
2025-04-09 13:09:18 [INFO] 2023-07-06 | High Slope: 0.9841, Low Slope: 1.0293
2025-04-09 13:09:18 [INFO] 2023-07-07 | High Slope: 0.9606, Low Slope: 1.0143
2025-04-09 13:09:18 [INFO] 2023-07-10 | High Slope: 0.9326, Low Slope: 0.9732
2025-04-09 13:09:18 [INFO] 2023-07-11 | High Slope: 0.8363, Low Slope: 0.8908
2025-04-09 13:09:18 [INFO] 2023-07-12 | High Slope: 0.7697, Low Slope: 0.8243
2025-04-09 13:09:18 [INFO] 2023-07-13 | High Slope: 0.7502, Low Slope: 0.7989
2025-04-09 13:09:18 [INFO] 2023-07-14 | High Slope: 0.7488, Low Slope: 0.7994
2025-04-09 13:09:18 [INFO] 2023-07-17 | High Slope: 0.7183, Low Slope: 0.7764
2025-04-09 13:09:18 [INFO] 2023-07-18 | High Slope: 0.7016, Low Slope: 0.7462
2025-04-09 13:09:18 [INFO] 2023-07-19 | High Slope: 0.7291, Low Slope: 0.7555
2025-04-09 13:09:18 [INFO] 2023-07-20 | High Slope: 0.7604, Low Slope: 0.7946
2025-04-09 13:09:18 [INFO] 2023-07-21 | High Slope: 0.7640, Low Slope: 0.8016
2025-04-09 13:09:18 [INFO] 2023-07-24 | High Slope: 0.7564, Low Slope: 0.8023
2025-04-09 13:09:18 [INFO] 2023-07-25 | High Slope: 0.7429, Low Slope: 0.7898
2025-04-09 13:09:18 [INFO] 2023-07-26 | High Slope: 0.7443, Low Slope: 0.7954
2025-04-09 13:09:18 [INFO] 2023-07-27 | High Slope: 0.7486, Low Slope: 0.7952
2025-04-09 13:09:18 [INFO] 2023-07-28 | High Slope: 0.7807, Low Slope: 0.8026
2025-04-09 13:09:18 [INFO] 2023-07-31 | High Slope: 0.8037, Low Slope: 0.8009
2025-04-09 13:09:18 [INFO] 2023-08-01 | High Slope: 0.8527, Low Slope: 0.8304
2025-04-09 13:09:18 [INFO] 2023-08-02 | High Slope: 0.8982, Low Slope: 0.8764
2025-04-09 13:09:18 [INFO] 2023-08-03 | High Slope: 0.8789, Low Slope: 0.8500
2025-04-09 13:09:18 [INFO] 2023-08-04 | High Slope: 0.8265, Low Slope: 0.8001
2025-04-09 13:09:18 [INFO] 2023-08-07 | High Slope: 0.7790, Low Slope: 0.7328
2025-04-09 13:09:18 [INFO] 2023-08-08 | High Slope: 0.7011, Low Slope: 0.6631
2025-04-09 13:09:18 [INFO] 2023-08-09 | High Slope: 0.6121, Low Slope: 0.5610
2025-04-09 13:09:18 [INFO] 2023-08-10 | High Slope: 0.5216, Low Slope: 0.4554
2025-04-09 13:09:18 [INFO] 2023-08-11 | High Slope: 0.4457, Low Slope: 0.3596
2025-04-09 13:09:18 [INFO] 2023-08-14 | High Slope: 0.3377, Low Slope: 0.2583
2025-04-09 13:09:18 [INFO] 2023-08-15 | High Slope: 0.2755, Low Slope: 0.1977
2025-04-09 13:09:18 [INFO] 2023-08-16 | High Slope: 0.2009, Low Slope: 0.1329
2025-04-09 13:09:18 [INFO] 2023-08-17 | High Slope: 0.1084, Low Slope: 0.0457
2025-04-09 13:09:18 [INFO] 2023-08-18 | High Slope: -0.0270, Low Slope: -0.0968
2025-04-09 13:09:18 [INFO] TRADE - Entry Date: 2023-08-18, Entry: 426.44, Exit: 429.83, Profit: 6.78
2025-04-09 13:09:18 [INFO] 2023-08-21 | High Slope: -0.1703, Low Slope: -0.2477
2025-04-09 13:09:18 [INFO] TRADE - Entry Date: 2023-08-21, Entry: 429.21, Exit: 432.56, Profit: 6.68
2025-04-09 13:09:18 [INFO] 2023-08-22 | High Slope: -0.3143, Low Slope: -0.3865
2025-04-09 13:09:18 [INFO] TRADE - Entry Date: 2023-08-22, Entry: 428.05, Exit: 438.81, Profit: 21.52
2025-04-09 13:09:18 [INFO] 2023-08-23 | High Slope: -0.4305, Low Slope: -0.4976
2025-04-09 13:09:18 [INFO] TRADE - Entry Date: 2023-08-23, Entry: 432.82, Exit: 440.62, Profit: 15.6
2025-04-09 13:09:18 [INFO] 2023-08-24 | High Slope: -0.4998, Low Slope: -0.5615
2025-04-09 13:09:18 [INFO] TRADE - Entry Date: 2023-08-24, Entry: 426.82, Exit: 439.97, Profit: 26.3
2025-04-09 13:09:18 [INFO] 2023-08-25 | High Slope: -0.5382, Low Slope: -0.6198
2025-04-09 13:09:18 [INFO] TRADE - Entry Date: 2023-08-25, Entry: 429.83, Exit: 440.79, Profit: 21.92
2025-04-09 13:09:18 [INFO] 2023-08-28 | High Slope: -0.5925, Low Slope: -0.6783
2025-04-09 13:09:18 [INFO] TRADE - Entry Date: 2023-08-28, Entry: 432.56, Exit: 438.89, Profit: 12.66
2025-04-09 13:09:18 [INFO] 2023-08-29 | High Slope: -0.6253, Low Slope: -0.6955
2025-04-09 13:09:18 [INFO] TRADE - Entry Date: 2023-08-29, Entry: 438.81, Exit: 435.94, Profit: -5.74
2025-04-09 13:09:18 [INFO] 2023-08-30 | High Slope: -0.5965, Low Slope: -0.6866
2025-04-09 13:09:18 [INFO] TRADE - Entry Date: 2023-08-30, Entry: 440.62, Exit: 434.6, Profit: -12.04
2025-04-09 13:09:18 [INFO] 2023-08-31 | High Slope: -0.5408, Low Slope: -0.6072
2025-04-09 13:09:18 [INFO] TRADE - Entry Date: 2023-08-31, Entry: 439.97, Exit: 435.25, Profit: -9.44
2025-04-09 13:09:18 [INFO] 2023-09-01 | High Slope: -0.4847, Low Slope: -0.5348
2025-04-09 13:09:18 [INFO] TRADE - Entry Date: 2023-09-01, Entry: 440.79, Exit: 438.11, Profit: -5.36
2025-04-09 13:09:18 [INFO] 2023-09-05 | High Slope: -0.4285, Low Slope: -0.4599
2025-04-09 13:09:18 [INFO] TRADE - Entry Date: 2023-09-05, Entry: 438.89, Exit: 435.71, Profit: -6.36
2025-04-09 13:09:18 [INFO] 2023-09-06 | High Slope: -0.3828, Low Slope: -0.3863
2025-04-09 13:09:18 [INFO] TRADE - Entry Date: 2023-09-06, Entry: 435.94, Exit: 436.22, Profit: 0.56
2025-04-09 13:09:18 [INFO] 2023-09-07 | High Slope: -0.3399, Low Slope: -0.3345
2025-04-09 13:09:18 [INFO] TRADE - Entry Date: 2023-09-07, Entry: 434.6, Exit: 439.98, Profit: 10.76
2025-04-09 13:09:18 [INFO] 2023-09-08 | High Slope: -0.3104, Low Slope: -0.2884
2025-04-09 13:09:18 [INFO] TRADE - Entry Date: 2023-09-08, Entry: 435.25, Exit: 434.68, Profit: -1.14
2025-04-09 13:09:18 [INFO] 2023-09-11 | High Slope: -0.2496, Low Slope: -0.2387
2025-04-09 13:09:18 [INFO] TRADE - Entry Date: 2023-09-11, Entry: 438.11, Exit: 434.93, Profit: -6.36
2025-04-09 13:09:18 [INFO] 2023-09-12 | High Slope: -0.1842, Low Slope: -0.1674
2025-04-09 13:09:18 [INFO] TRADE - Entry Date: 2023-09-12, Entry: 435.71, Exit: 434.03, Profit: -3.36
2025-04-09 13:09:18 [INFO] 2023-09-13 | High Slope: -0.1138, Low Slope: -0.0764
2025-04-09 13:09:18 [INFO] TRADE - Entry Date: 2023-09-13, Entry: 436.22, Exit: 430.04, Profit: -12.36
2025-04-09 13:09:18 [INFO] 2023-09-14 | High Slope: -0.0505, Low Slope: 0.0136
2025-04-09 13:09:18 [INFO] TRADE - Entry Date: 2023-09-14, Entry: 439.98, Exit: 422.93, Profit: -34.1
2025-04-09 13:09:18 [INFO] 2023-09-15 | High Slope: 0.0130, Low Slope: 0.0834
2025-04-09 13:09:18 [INFO] 2023-09-18 | High Slope: 0.0465, Low Slope: 0.1202
2025-04-09 13:09:18 [INFO] 2023-09-19 | High Slope: 0.0790, Low Slope: 0.1485
2025-04-09 13:09:18 [INFO] 2023-09-20 | High Slope: 0.0901, Low Slope: 0.1727
2025-04-09 13:09:18 [INFO] 2023-09-21 | High Slope: 0.1098, Low Slope: 0.1719
2025-04-09 13:09:18 [INFO] 2023-09-22 | High Slope: 0.0679, Low Slope: 0.1258
2025-04-09 13:09:18 [INFO] 2023-09-25 | High Slope: 0.0362, Low Slope: 0.0754
2025-04-09 13:09:18 [INFO] 2023-09-26 | High Slope: -0.0339, Low Slope: 0.0136
2025-04-09 13:09:18 [INFO] TRADE - Entry Date: 2023-09-26, Entry: 417.53, Exit: 413.33, Profit: -8.42
2025-04-09 13:09:18 [INFO] 2023-09-27 | High Slope: -0.1044, Low Slope: -0.0590
2025-04-09 13:09:18 [INFO] TRADE - Entry Date: 2023-09-27, Entry: 417.7, Exit: 416.34, Profit: -2.72
2025-04-09 13:09:18 [INFO] 2023-09-28 | High Slope: -0.1910, Low Slope: -0.1550
2025-04-09 13:09:18 [INFO] TRADE - Entry Date: 2023-09-28, Entry: 420.12, Exit: 416.18, Profit: -7.88
2025-04-09 13:09:18 [INFO] 2023-09-29 | High Slope: -0.2703, Low Slope: -0.2454
2025-04-09 13:09:18 [INFO] TRADE - Entry Date: 2023-09-29, Entry: 419.1, Exit: 421.12, Profit: 4.04
2025-04-09 13:09:18 [INFO] 2023-10-02 | High Slope: -0.3527, Low Slope: -0.3490
2025-04-09 13:09:18 [INFO] TRADE - Entry Date: 2023-10-02, Entry: 418.93, Exit: 423.82, Profit: 9.76
2025-04-09 13:09:18 [INFO] 2023-10-03 | High Slope: -0.4781, Low Slope: -0.4765
2025-04-09 13:09:18 [INFO] TRADE - Entry Date: 2023-10-03, Entry: 413.33, Exit: 426.02, Profit: 25.4
2025-04-09 13:09:18 [INFO] 2023-10-04 | High Slope: -0.5909, Low Slope: -0.6125
2025-04-09 13:09:18 [INFO] TRADE - Entry Date: 2023-10-04, Entry: 416.34, Exit: 427.77, Profit: 22.86
2025-04-09 13:09:18 [INFO] 2023-10-05 | High Slope: -0.7039, Low Slope: -0.7250
2025-04-09 13:09:18 [INFO] TRADE - Entry Date: 2023-10-05, Entry: 416.18, Exit: 425.16, Profit: 17.96
2025-04-09 13:09:18 [INFO] 2023-10-06 | High Slope: -0.7943, Low Slope: -0.8166
2025-04-09 13:09:18 [INFO] TRADE - Entry Date: 2023-10-06, Entry: 421.12, Exit: 423.04, Profit: 3.84
2025-04-09 13:09:18 [INFO] 2023-10-09 | High Slope: -0.8305, Low Slope: -0.9197
2025-04-09 13:09:18 [INFO] TRADE - Entry Date: 2023-10-09, Entry: 423.82, Exit: 427.49, Profit: 7.36
2025-04-09 13:09:18 [INFO] 2023-10-10 | High Slope: -0.8767, Low Slope: -0.9884
2025-04-09 13:09:18 [INFO] TRADE - Entry Date: 2023-10-10, Entry: 426.02, Exit: 427.47, Profit: 2.9
2025-04-09 13:09:18 [INFO] 2023-10-11 | High Slope: -0.8782, Low Slope: -0.9859
2025-04-09 13:09:18 [INFO] TRADE - Entry Date: 2023-10-11, Entry: 427.77, Exit: 421.78, Profit: -11.98
2025-04-09 13:09:18 [INFO] 2023-10-12 | High Slope: -0.8410, Low Slope: -0.9599
2025-04-09 13:09:18 [INFO] TRADE - Entry Date: 2023-10-12, Entry: 425.16, Exit: 418.07, Profit: -14.18
2025-04-09 13:09:18 [INFO] 2023-10-13 | High Slope: -0.7790, Low Slope: -0.9003
2025-04-09 13:09:18 [INFO] TRADE - Entry Date: 2023-10-13, Entry: 423.04, Exit: 412.93, Profit: -20.22
2025-04-09 13:09:18 [INFO] 2023-10-16 | High Slope: -0.7094, Low Slope: -0.8330
2025-04-09 13:09:18 [INFO] TRADE - Entry Date: 2023-10-16, Entry: 427.49, Exit: 412.22, Profit: -30.54
2025-04-09 13:09:18 [INFO] 2023-10-17 | High Slope: -0.6233, Low Slope: -0.7374
2025-04-09 13:09:18 [INFO] TRADE - Entry Date: 2023-10-17, Entry: 427.47, Exit: 415.33, Profit: -24.3
2025-04-09 13:09:18 [INFO] 2023-10-18 | High Slope: -0.5419, Low Slope: -0.6460
2025-04-09 13:09:18 [INFO] TRADE - Entry Date: 2023-10-18, Entry: 421.78, Exit: 409.37, Profit: -24.82
2025-04-09 13:09:18 [INFO] 2023-10-19 | High Slope: -0.4915, Low Slope: -0.6053
2025-04-09 13:09:18 [INFO] TRADE - Entry Date: 2023-10-19, Entry: 418.07, Exit: 404.46, Profit: -27.22
2025-04-09 13:09:18 [INFO] 2023-10-20 | High Slope: -0.4708, Low Slope: -0.5873
2025-04-09 13:09:18 [INFO] TRADE - Entry Date: 2023-10-20, Entry: 412.93, Exit: 402.63, Profit: -20.6
2025-04-09 13:09:18 [INFO] 2023-10-23 | High Slope: -0.4745, Low Slope: -0.5800
2025-04-09 13:09:18 [INFO] TRADE - Entry Date: 2023-10-23, Entry: 412.22, Exit: 407.44, Profit: -9.54
2025-04-09 13:09:18 [INFO] 2023-10-24 | High Slope: -0.4719, Low Slope: -0.5708
2025-04-09 13:09:18 [INFO] TRADE - Entry Date: 2023-10-24, Entry: 415.33, Exit: 410.0, Profit: -10.64
2025-04-09 13:09:18 [INFO] 2023-10-25 | High Slope: -0.4586, Low Slope: -0.5385
2025-04-09 13:09:18 [INFO] TRADE - Entry Date: 2023-10-25, Entry: 409.37, Exit: 414.38, Profit: 10.02
2025-04-09 13:09:18 [INFO] 2023-10-26 | High Slope: -0.4596, Low Slope: -0.5217
2025-04-09 13:09:18 [INFO] TRADE - Entry Date: 2023-10-26, Entry: 404.46, Exit: 422.32, Profit: 35.7
2025-04-09 13:09:18 [INFO] 2023-10-27 | High Slope: -0.4564, Low Slope: -0.5098
2025-04-09 13:09:18 [INFO] TRADE - Entry Date: 2023-10-27, Entry: 402.63, Exit: 426.17, Profit: 47.08
2025-04-09 13:09:18 [INFO] 2023-10-30 | High Slope: -0.4700, Low Slope: -0.5198
2025-04-09 13:09:18 [INFO] TRADE - Entry Date: 2023-10-30, Entry: 407.44, Exit: 427.15, Profit: 39.42
2025-04-09 13:09:18 [INFO] 2023-10-31 | High Slope: -0.4730, Low Slope: -0.4985
2025-04-09 13:09:18 [INFO] TRADE - Entry Date: 2023-10-31, Entry: 410.0, Exit: 428.37, Profit: 36.72
2025-04-09 13:09:18 [INFO] 2023-11-01 | High Slope: -0.4634, Low Slope: -0.4691
2025-04-09 13:09:18 [INFO] TRADE - Entry Date: 2023-11-01, Entry: 414.38, Exit: 428.68, Profit: 28.6
2025-04-09 13:09:18 [INFO] 2023-11-02 | High Slope: -0.4038, Low Slope: -0.4106
2025-04-09 13:09:18 [INFO] TRADE - Entry Date: 2023-11-02, Entry: 422.32, Exit: 425.34, Profit: 6.04
2025-04-09 13:09:18 [INFO] 2023-11-03 | High Slope: -0.3454, Low Slope: -0.3422
2025-04-09 13:09:18 [INFO] TRADE - Entry Date: 2023-11-03, Entry: 426.17, Exit: 431.97, Profit: 11.6
2025-04-09 13:09:18 [INFO] 2023-11-06 | High Slope: -0.2634, Low Slope: -0.2392
2025-04-09 13:09:18 [INFO] TRADE - Entry Date: 2023-11-06, Entry: 427.15, Exit: 431.56, Profit: 8.82
2025-04-09 13:09:18 [INFO] 2023-11-07 | High Slope: -0.1957, Low Slope: -0.1420
2025-04-09 13:09:18 [INFO] TRADE - Entry Date: 2023-11-07, Entry: 428.37, Exit: 439.93, Profit: 23.14
2025-04-09 13:09:18 [INFO] 2023-11-08 | High Slope: -0.1371, Low Slope: -0.0666
2025-04-09 13:09:18 [INFO] TRADE - Entry Date: 2023-11-08, Entry: 428.68, Exit: 440.87, Profit: 36.57
2025-04-09 13:09:18 [INFO] 2023-11-09 | High Slope: -0.0933, Low Slope: -0.0116
2025-04-09 13:09:18 [INFO] TRADE - Entry Date: 2023-11-09, Entry: 425.34, Exit: 441.41, Profit: 48.21
2025-04-09 13:09:18 [INFO] 2023-11-10 | High Slope: -0.0342, Low Slope: 0.0460
2025-04-09 13:09:18 [INFO] TRADE - Entry Date: 2023-11-10, Entry: 431.97, Exit: 441.95, Profit: 29.94
2025-04-09 13:09:18 [INFO] 2023-11-13 | High Slope: 0.0477, Low Slope: 0.1097
2025-04-09 13:09:18 [INFO] 2023-11-14 | High Slope: 0.1062, Low Slope: 0.1892
2025-04-09 13:09:18 [INFO] 2023-11-15 | High Slope: 0.2061, Low Slope: 0.2822
2025-04-09 13:09:18 [INFO] 2023-11-16 | High Slope: 0.2913, Low Slope: 0.3835
2025-04-09 13:09:18 [INFO] 2023-11-17 | High Slope: 0.3596, Low Slope: 0.4724
2025-04-09 13:09:18 [INFO] 2023-11-20 | High Slope: 0.4612, Low Slope: 0.5531
2025-04-09 13:09:18 [INFO] 2023-11-21 | High Slope: 0.5894, Low Slope: 0.6724
2025-04-09 13:09:18 [INFO] 2023-11-22 | High Slope: 0.7308, Low Slope: 0.8278
2025-04-09 13:09:18 [INFO] 2023-11-24 | High Slope: 0.8748, Low Slope: 0.9914
2025-04-09 13:09:18 [INFO] 2023-11-27 | High Slope: 1.0097, Low Slope: 1.1380
2025-04-09 13:09:18 [INFO] 2023-11-28 | High Slope: 1.1306, Low Slope: 1.2612
2025-04-09 13:09:18 [INFO] 2023-11-29 | High Slope: 1.2528, Low Slope: 1.3951
2025-04-09 13:09:18 [INFO] 2023-11-30 | High Slope: 1.3863, Low Slope: 1.5172
2025-04-09 13:09:18 [INFO] 2023-12-01 | High Slope: 1.4812, Low Slope: 1.6016
2025-04-09 13:09:18 [INFO] 2023-12-04 | High Slope: 1.5690, Low Slope: 1.6642
2025-04-09 13:09:18 [INFO] 2023-12-05 | High Slope: 1.5993, Low Slope: 1.6774
2025-04-09 13:09:18 [INFO] 2023-12-06 | High Slope: 1.5916, Low Slope: 1.6572
2025-04-09 13:09:18 [INFO] 2023-12-07 | High Slope: 1.5798, Low Slope: 1.6372
2025-04-09 13:09:18 [INFO] 2023-12-08 | High Slope: 1.5339, Low Slope: 1.5899
2025-04-09 13:09:18 [INFO] 2023-12-11 | High Slope: 1.4526, Low Slope: 1.4947
2025-04-09 13:09:18 [INFO] 2023-12-12 | High Slope: 1.3429, Low Slope: 1.3777
2025-04-09 13:09:18 [INFO] 2023-12-13 | High Slope: 1.2393, Low Slope: 1.2663
2025-04-09 13:09:18 [INFO] 2023-12-14 | High Slope: 1.1690, Low Slope: 1.1695
2025-04-09 13:09:18 [INFO] 2023-12-15 | High Slope: 1.1283, Low Slope: 1.1134
2025-04-09 13:09:18 [INFO] 2023-12-18 | High Slope: 1.1087, Low Slope: 1.0892
2025-04-09 13:09:18 [INFO] 2023-12-19 | High Slope: 1.1218, Low Slope: 1.1055
2025-04-09 13:09:18 [INFO] 2023-12-20 | High Slope: 1.1294, Low Slope: 1.1257
2025-04-09 13:09:18 [INFO] 2023-12-21 | High Slope: 1.1352, Low Slope: 1.1044
2025-04-09 13:09:18 [INFO] 2023-12-22 | High Slope: 1.1083, Low Slope: 1.0767
2025-04-09 13:09:18 [INFO] 2023-12-26 | High Slope: 1.0831, Low Slope: 1.0415
2025-04-09 13:09:18 [INFO] 2023-12-27 | High Slope: 1.0653, Low Slope: 1.0062
2025-04-09 13:09:18 [INFO] 2023-12-28 | High Slope: 1.0342, Low Slope: 0.9893
2025-04-09 13:09:18 [INFO] 2023-12-29 | High Slope: 1.0516, Low Slope: 1.0163
2025-04-09 13:09:18 [INFO] 2024-01-02 | High Slope: 1.0618, Low Slope: 1.0287
2025-04-09 13:09:18 [INFO] 2024-01-03 | High Slope: 1.0331, Low Slope: 1.0072
2025-04-09 13:09:18 [INFO] 2024-01-04 | High Slope: 0.9835, Low Slope: 0.9683
2025-04-09 13:09:18 [INFO] 2024-01-05 | High Slope: 0.9481, Low Slope: 0.9215
2025-04-09 13:09:18 [INFO] 2024-01-08 | High Slope: 0.8948, Low Slope: 0.8725
2025-04-09 13:09:18 [INFO] 2024-01-09 | High Slope: 0.8763, Low Slope: 0.8412
2025-04-09 13:09:18 [INFO] 2024-01-10 | High Slope: 0.8440, Low Slope: 0.8279
2025-04-09 13:09:18 [INFO] 2024-01-11 | High Slope: 0.8184, Low Slope: 0.8182
2025-04-09 13:09:18 [INFO] 2024-01-12 | High Slope: 0.7919, Low Slope: 0.7848
2025-04-09 13:09:18 [INFO] 2024-01-16 | High Slope: 0.7719, Low Slope: 0.7659
2025-04-09 13:09:18 [INFO] 2024-01-17 | High Slope: 0.7190, Low Slope: 0.7175
2025-04-09 13:09:18 [INFO] 2024-01-18 | High Slope: 0.6519, Low Slope: 0.6517
2025-04-09 13:09:18 [INFO] 2024-01-19 | High Slope: 0.6018, Low Slope: 0.5893
2025-04-09 13:09:18 [INFO] 2024-01-22 | High Slope: 0.5686, Low Slope: 0.5479
2025-04-09 13:09:18 [INFO] 2024-01-23 | High Slope: 0.5479, Low Slope: 0.5321
2025-04-09 13:09:18 [INFO] 2024-01-24 | High Slope: 0.5146, Low Slope: 0.5170
2025-04-09 13:09:18 [INFO] 2024-01-25 | High Slope: 0.5047, Low Slope: 0.5084
2025-04-09 13:09:18 [INFO] 2024-01-26 | High Slope: 0.4885, Low Slope: 0.5054
2025-04-09 13:09:18 [INFO] 2024-01-29 | High Slope: 0.4788, Low Slope: 0.5051
2025-04-09 13:09:18 [INFO] 2024-01-30 | High Slope: 0.5163, Low Slope: 0.5205
2025-04-09 13:09:18 [INFO] 2024-01-31 | High Slope: 0.5653, Low Slope: 0.5783
2025-04-09 13:09:18 [INFO] 2024-02-01 | High Slope: 0.5820, Low Slope: 0.5806
2025-04-09 13:09:18 [INFO] 2024-02-02 | High Slope: 0.6070, Low Slope: 0.5988
2025-04-09 13:09:18 [INFO] 2024-02-05 | High Slope: 0.6814, Low Slope: 0.6632
2025-04-09 13:09:18 [INFO] 2024-02-06 | High Slope: 0.7425, Low Slope: 0.6948
2025-04-09 13:09:18 [INFO] 2024-02-07 | High Slope: 0.7754, Low Slope: 0.7350
2025-04-09 13:09:18 [INFO] 2024-02-08 | High Slope: 0.8420, Low Slope: 0.8054
2025-04-09 13:09:18 [INFO] 2024-02-09 | High Slope: 0.9077, Low Slope: 0.8931
2025-04-09 13:09:18 [INFO] 2024-02-12 | High Slope: 0.9829, Low Slope: 0.9846
2025-04-09 13:09:18 [INFO] 2024-02-13 | High Slope: 1.0650, Low Slope: 1.0861
2025-04-09 13:09:18 [INFO] 2024-02-14 | High Slope: 1.0914, Low Slope: 1.0966
2025-04-09 13:09:18 [INFO] 2024-02-15 | High Slope: 1.0989, Low Slope: 1.1037
2025-04-09 13:09:18 [INFO] 2024-02-16 | High Slope: 1.0982, Low Slope: 1.1126
2025-04-09 13:09:18 [INFO] 2024-02-20 | High Slope: 1.0867, Low Slope: 1.1001
2025-04-09 13:09:18 [INFO] 2024-02-21 | High Slope: 1.0294, Low Slope: 1.0422
2025-04-09 13:09:18 [INFO] 2024-02-22 | High Slope: 0.9824, Low Slope: 0.9791
2025-04-09 13:09:18 [INFO] 2024-02-23 | High Slope: 0.9974, Low Slope: 0.9857
2025-04-09 13:09:18 [INFO] 2024-02-26 | High Slope: 1.0252, Low Slope: 1.0214
2025-04-09 13:09:18 [INFO] 2024-02-27 | High Slope: 1.0345, Low Slope: 1.0238
2025-04-09 13:09:18 [INFO] 2024-02-28 | High Slope: 1.0235, Low Slope: 1.0246
2025-04-09 13:09:18 [INFO] 2024-02-29 | High Slope: 0.9846, Low Slope: 0.9991
2025-04-09 13:09:18 [INFO] 2024-03-01 | High Slope: 0.9248, Low Slope: 0.9404
2025-04-09 13:09:18 [INFO] 2024-03-04 | High Slope: 0.9004, Low Slope: 0.9039
2025-04-09 13:09:18 [INFO] 2024-03-05 | High Slope: 0.9043, Low Slope: 0.9013
2025-04-09 13:09:18 [INFO] 2024-03-06 | High Slope: 0.8891, Low Slope: 0.8806
2025-04-09 13:09:18 [INFO] 2024-03-07 | High Slope: 0.8707, Low Slope: 0.8732
2025-04-09 13:09:18 [INFO] 2024-03-08 | High Slope: 0.8897, Low Slope: 0.8770
2025-04-09 13:09:18 [INFO] 2024-03-11 | High Slope: 0.9084, Low Slope: 0.8817
2025-04-09 13:09:18 [INFO] 2024-03-12 | High Slope: 0.8793, Low Slope: 0.8662
2025-04-09 13:09:18 [INFO] 2024-03-13 | High Slope: 0.8908, Low Slope: 0.8604
2025-04-09 13:09:18 [INFO] 2024-03-14 | High Slope: 0.8916, Low Slope: 0.8872
2025-04-09 13:09:18 [INFO] 2024-03-15 | High Slope: 0.8630, Low Slope: 0.8371
2025-04-09 13:09:18 [INFO] 2024-03-18 | High Slope: 0.7987, Low Slope: 0.7673
2025-04-09 13:09:18 [INFO] 2024-03-19 | High Slope: 0.7942, Low Slope: 0.7510
2025-04-09 13:09:18 [INFO] 2024-03-20 | High Slope: 0.7726, Low Slope: 0.7218
2025-04-09 13:09:18 [INFO] 2024-03-21 | High Slope: 0.7697, Low Slope: 0.7203
2025-04-09 13:09:18 [INFO] 2024-03-22 | High Slope: 0.8055, Low Slope: 0.7740
2025-04-09 13:09:18 [INFO] 2024-03-25 | High Slope: 0.8210, Low Slope: 0.8222
2025-04-09 13:09:18 [INFO] 2024-03-26 | High Slope: 0.8347, Low Slope: 0.8591
2025-04-09 13:09:18 [INFO] 2024-03-27 | High Slope: 0.8558, Low Slope: 0.8902
2025-04-09 13:09:18 [INFO] 2024-03-28 | High Slope: 0.8352, Low Slope: 0.8549
2025-04-09 13:09:18 [INFO] 2024-04-01 | High Slope: 0.8247, Low Slope: 0.8523
2025-04-09 13:09:18 [INFO] 2024-04-02 | High Slope: 0.8222, Low Slope: 0.8548
2025-04-09 13:09:18 [INFO] 2024-04-03 | High Slope: 0.7793, Low Slope: 0.8180
2025-04-09 13:09:18 [INFO] 2024-04-04 | High Slope: 0.7110, Low Slope: 0.7511
2025-04-09 13:09:18 [INFO] 2024-04-05 | High Slope: 0.6437, Low Slope: 0.6361
2025-04-09 13:09:18 [INFO] 2024-04-08 | High Slope: 0.6176, Low Slope: 0.5841
2025-04-09 13:09:18 [INFO] 2024-04-09 | High Slope: 0.5951, Low Slope: 0.5790
2025-04-09 13:09:18 [INFO] 2024-04-10 | High Slope: 0.5618, Low Slope: 0.5375
2025-04-09 13:09:18 [INFO] 2024-04-11 | High Slope: 0.4824, Low Slope: 0.4696
2025-04-09 13:09:18 [INFO] 2024-04-12 | High Slope: 0.4175, Low Slope: 0.3992
2025-04-09 13:09:18 [INFO] 2024-04-15 | High Slope: 0.3426, Low Slope: 0.3086
2025-04-09 13:09:18 [INFO] 2024-04-16 | High Slope: 0.2852, Low Slope: 0.2023
2025-04-09 13:09:18 [INFO] 2024-04-17 | High Slope: 0.1763, Low Slope: 0.1122
2025-04-09 13:09:18 [INFO] 2024-04-18 | High Slope: 0.0445, Low Slope: -0.0421
2025-04-09 13:09:18 [INFO] 2024-04-19 | High Slope: -0.0901, Low Slope: -0.1744
2025-04-09 13:09:18 [INFO] TRADE - Entry Date: 2024-04-19, Entry: 488.94, Exit: 501.87, Profit: 25.88
2025-04-09 13:09:18 [INFO] 2024-04-22 | High Slope: -0.2192, Low Slope: -0.3234
2025-04-09 13:09:18 [INFO] TRADE - Entry Date: 2024-04-22, Entry: 493.44, Exit: 503.65, Profit: 20.42
2025-04-09 13:09:18 [INFO] 2024-04-23 | High Slope: -0.3143, Low Slope: -0.4472
2025-04-09 13:09:18 [INFO] TRADE - Entry Date: 2024-04-23, Entry: 499.3, Exit: 495.67, Profit: -7.24
2025-04-09 13:09:18 [INFO] 2024-04-24 | High Slope: -0.4225, Low Slope: -0.5566
2025-04-09 13:09:18 [INFO] TRADE - Entry Date: 2024-04-24, Entry: 499.06, Exit: 494.06, Profit: -10.0
2025-04-09 13:09:18 [INFO] 2024-04-25 | High Slope: -0.4834, Low Slope: -0.6237
2025-04-09 13:09:18 [INFO] TRADE - Entry Date: 2024-04-25, Entry: 497.16, Exit: 498.68, Profit: 3.04
2025-04-09 13:09:18 [INFO] 2024-04-26 | High Slope: -0.5609, Low Slope: -0.6994
2025-04-09 13:09:18 [INFO] TRADE - Entry Date: 2024-04-26, Entry: 501.87, Exit: 504.86, Profit: 5.98
2025-04-09 13:09:18 [INFO] 2024-04-29 | High Slope: -0.5988, Low Slope: -0.7342
2025-04-09 13:09:18 [INFO] TRADE - Entry Date: 2024-04-29, Entry: 503.65, Exit: 510.08, Profit: 12.86
2025-04-09 13:09:18 [INFO] 2024-04-30 | High Slope: -0.6547, Low Slope: -0.7715
2025-04-09 13:09:18 [INFO] TRADE - Entry Date: 2024-04-30, Entry: 495.67, Exit: 510.64, Profit: 29.94
2025-04-09 13:09:18 [INFO] 2024-05-01 | High Slope: -0.6920, Low Slope: -0.8126
2025-04-09 13:09:18 [INFO] TRADE - Entry Date: 2024-05-01, Entry: 494.06, Exit: 510.69, Profit: 49.89
2025-04-09 13:09:18 [INFO] 2024-05-02 | High Slope: -0.7319, Low Slope: -0.8715
2025-04-09 13:09:18 [INFO] TRADE - Entry Date: 2024-05-02, Entry: 498.68, Exit: 513.63, Profit: 44.85
2025-04-09 13:09:18 [INFO] 2024-05-03 | High Slope: -0.7516, Low Slope: -0.9006
2025-04-09 13:09:18 [INFO] TRADE - Entry Date: 2024-05-03, Entry: 504.86, Exit: 514.29, Profit: 28.29
2025-04-09 13:09:18 [INFO] 2024-05-06 | High Slope: -0.6986, Low Slope: -0.8189
2025-04-09 13:09:18 [INFO] TRADE - Entry Date: 2024-05-06, Entry: 510.08, Exit: 514.36, Profit: 12.87
2025-04-09 13:09:18 [INFO] 2024-05-07 | High Slope: -0.6249, Low Slope: -0.7076
2025-04-09 13:09:18 [INFO] TRADE - Entry Date: 2024-05-07, Entry: 510.64, Exit: 516.72, Profit: 18.24
2025-04-09 13:09:18 [INFO] 2024-05-08 | High Slope: -0.5473, Low Slope: -0.5820
2025-04-09 13:09:18 [INFO] TRADE - Entry Date: 2024-05-08, Entry: 510.69, Exit: 523.12, Profit: 37.29
2025-04-09 13:09:18 [INFO] 2024-05-09 | High Slope: -0.4698, Low Slope: -0.4717
2025-04-09 13:09:18 [INFO] TRADE - Entry Date: 2024-05-09, Entry: 513.63, Exit: 522.05, Profit: 25.23
2025-04-09 13:09:18 [INFO] 2024-05-10 | High Slope: -0.3637, Low Slope: -0.3425
2025-04-09 13:09:18 [INFO] TRADE - Entry Date: 2024-05-10, Entry: 514.29, Exit: 522.8, Profit: 25.5
2025-04-09 13:09:18 [INFO] 2024-05-13 | High Slope: -0.2312, Low Slope: -0.1714
2025-04-09 13:09:18 [INFO] TRADE - Entry Date: 2024-05-13, Entry: 514.36, Exit: 523.4, Profit: 27.12
2025-04-09 13:09:18 [INFO] 2024-05-14 | High Slope: -0.0993, Low Slope: -0.0102
2025-04-09 13:09:18 [INFO] TRADE - Entry Date: 2024-05-14, Entry: 516.72, Exit: 524.68, Profit: 23.88
2025-04-09 13:09:18 [INFO] 2024-05-15 | High Slope: 0.0040, Low Slope: 0.1262
2025-04-09 13:09:18 [INFO] 2024-05-16 | High Slope: 0.1584, Low Slope: 0.2983
2025-04-09 13:09:18 [INFO] 2024-05-17 | High Slope: 0.3379, Low Slope: 0.4551
2025-04-09 13:09:18 [INFO] 2024-05-20 | High Slope: 0.4778, Low Slope: 0.6057
2025-04-09 13:09:18 [INFO] 2024-05-21 | High Slope: 0.6251, Low Slope: 0.7886
2025-04-09 13:09:18 [INFO] 2024-05-22 | High Slope: 0.7709, Low Slope: 0.9419
2025-04-09 13:09:18 [INFO] 2024-05-23 | High Slope: 0.8799, Low Slope: 1.0639
2025-04-09 13:09:18 [INFO] 2024-05-24 | High Slope: 1.0155, Low Slope: 1.1607
2025-04-09 13:09:18 [INFO] 2024-05-28 | High Slope: 1.1025, Low Slope: 1.2453
2025-04-09 13:09:18 [INFO] 2024-05-29 | High Slope: 1.1810, Low Slope: 1.2861
2025-04-09 13:09:18 [INFO] 2024-05-30 | High Slope: 1.1726, Low Slope: 1.2961
2025-04-09 13:09:18 [INFO] 2024-05-31 | High Slope: 1.1397, Low Slope: 1.2491
2025-04-09 13:09:18 [INFO] 2024-06-03 | High Slope: 1.0988, Low Slope: 1.1697
2025-04-09 13:09:18 [INFO] 2024-06-04 | High Slope: 1.0342, Low Slope: 1.0766
2025-04-09 13:09:18 [INFO] 2024-06-05 | High Slope: 0.9690, Low Slope: 0.9966
2025-04-09 13:09:18 [INFO] 2024-06-06 | High Slope: 0.9526, Low Slope: 0.9555
2025-04-09 13:09:18 [INFO] 2024-06-07 | High Slope: 0.9371, Low Slope: 0.9513
2025-04-09 13:09:18 [INFO] 2024-06-10 | High Slope: 0.8974, Low Slope: 0.8948
2025-04-09 13:09:18 [INFO] 2024-06-11 | High Slope: 0.8759, Low Slope: 0.8790
2025-04-09 13:09:18 [INFO] 2024-06-12 | High Slope: 0.8553, Low Slope: 0.8587
2025-04-09 13:09:18 [INFO] 2024-06-13 | High Slope: 0.8604, Low Slope: 0.8441
2025-04-09 13:09:18 [INFO] 2024-06-14 | High Slope: 0.8359, Low Slope: 0.7938
2025-04-09 13:09:18 [INFO] 2024-06-17 | High Slope: 0.7770, Low Slope: 0.7255
2025-04-09 13:09:18 [INFO] 2024-06-18 | High Slope: 0.7837, Low Slope: 0.7121
2025-04-09 13:09:18 [INFO] 2024-06-20 | High Slope: 0.8028, Low Slope: 0.7490
2025-04-09 13:09:18 [INFO] 2024-06-21 | High Slope: 0.8308, Low Slope: 0.7829
2025-04-09 13:09:18 [INFO] 2024-06-24 | High Slope: 0.8219, Low Slope: 0.7926
2025-04-09 13:09:18 [INFO] 2024-06-25 | High Slope: 0.8252, Low Slope: 0.7974
2025-04-09 13:09:18 [INFO] 2024-06-26 | High Slope: 0.8213, Low Slope: 0.8085
2025-04-09 13:09:18 [INFO] 2024-06-27 | High Slope: 0.8136, Low Slope: 0.8136
2025-04-09 13:09:18 [INFO] 2024-06-28 | High Slope: 0.8072, Low Slope: 0.8234
2025-04-09 13:09:18 [INFO] 2024-07-01 | High Slope: 0.8537, Low Slope: 0.8427
2025-04-09 13:09:18 [INFO] 2024-07-02 | High Slope: 0.8722, Low Slope: 0.8736
2025-04-09 13:09:18 [INFO] 2024-07-03 | High Slope: 0.8900, Low Slope: 0.8964
2025-04-09 13:09:18 [INFO] 2024-07-05 | High Slope: 0.9304, Low Slope: 0.9559
2025-04-09 13:09:18 [INFO] 2024-07-08 | High Slope: 0.9814, Low Slope: 1.0212
2025-04-09 13:09:18 [INFO] 2024-07-09 | High Slope: 1.0280, Low Slope: 1.0855
2025-04-09 13:09:18 [INFO] 2024-07-10 | High Slope: 1.0804, Low Slope: 1.1263
2025-04-09 13:09:18 [INFO] 2024-07-11 | High Slope: 1.1309, Low Slope: 1.1755
2025-04-09 13:09:18 [INFO] 2024-07-12 | High Slope: 1.1728, Low Slope: 1.2064
2025-04-09 13:09:18 [INFO] 2024-07-15 | High Slope: 1.1866, Low Slope: 1.2204
2025-04-09 13:09:18 [INFO] 2024-07-16 | High Slope: 1.1768, Low Slope: 1.2079
2025-04-09 13:09:18 [INFO] 2024-07-17 | High Slope: 1.1665, Low Slope: 1.1735
2025-04-09 13:09:18 [INFO] 2024-07-18 | High Slope: 1.1214, Low Slope: 1.1128
2025-04-09 13:09:18 [INFO] 2024-07-19 | High Slope: 1.0544, Low Slope: 1.0129
2025-04-09 13:09:18 [INFO] 2024-07-22 | High Slope: 0.9762, Low Slope: 0.9107
2025-04-09 13:09:18 [INFO] 2024-07-23 | High Slope: 0.9013, Low Slope: 0.8460
2025-04-09 13:09:18 [INFO] 2024-07-24 | High Slope: 0.8363, Low Slope: 0.7859
2025-04-09 13:09:18 [INFO] 2024-07-25 | High Slope: 0.7073, Low Slope: 0.6332
2025-04-09 13:09:18 [INFO] 2024-07-26 | High Slope: 0.5677, Low Slope: 0.4546
2025-04-09 13:09:18 [INFO] 2024-07-29 | High Slope: 0.4695, Low Slope: 0.3549
2025-04-09 13:09:18 [INFO] 2024-07-30 | High Slope: 0.3629, Low Slope: 0.2569
2025-04-09 13:09:18 [INFO] 2024-07-31 | High Slope: 0.2521, Low Slope: 0.1317
2025-04-09 13:09:18 [INFO] 2024-08-01 | High Slope: 0.2169, Low Slope: 0.0762
2025-04-09 13:09:18 [INFO] 2024-08-02 | High Slope: 0.1881, Low Slope: 0.0000
2025-04-09 13:09:18 [INFO] 2024-08-05 | High Slope: 0.0518, Low Slope: -0.1534
2025-04-09 13:09:18 [INFO] 2024-08-06 | High Slope: -0.1838, Low Slope: -0.4203
2025-04-09 13:09:18 [INFO] TRADE - Entry Date: 2024-08-06, Entry: 517.25, Exit: 536.95, Profit: 59.1
2025-04-09 13:09:18 [INFO] 2024-08-07 | High Slope: -0.3612, Low Slope: -0.6268
2025-04-09 13:09:18 [INFO] TRADE - Entry Date: 2024-08-07, Entry: 513.79, Exit: 538.65, Profit: 74.55
2025-04-09 13:09:18 [INFO] 2024-08-08 | High Slope: -0.5313, Low Slope: -0.8226
2025-04-09 13:09:18 [INFO] TRADE - Entry Date: 2024-08-08, Entry: 525.67, Exit: 547.88, Profit: 66.63
2025-04-09 13:09:18 [INFO] 2024-08-09 | High Slope: -0.6902, Low Slope: -0.9793
2025-04-09 13:09:18 [INFO] TRADE - Entry Date: 2024-08-09, Entry: 527.99, Exit: 549.11, Profit: 63.36
2025-04-09 13:09:18 [INFO] 2024-08-12 | High Slope: -0.8171, Low Slope: -1.0729
2025-04-09 13:09:18 [INFO] TRADE - Entry Date: 2024-08-12, Entry: 528.27, Exit: 554.36, Profit: 78.27
2025-04-09 13:09:18 [INFO] 2024-08-13 | High Slope: -0.9079, Low Slope: -1.1556
2025-04-09 13:09:18 [INFO] TRADE - Entry Date: 2024-08-13, Entry: 536.95, Exit: 553.46, Profit: 49.5
2025-04-09 13:09:18 [INFO] 2024-08-14 | High Slope: -0.9806, Low Slope: -1.2018
2025-04-09 13:09:18 [INFO] TRADE - Entry Date: 2024-08-14, Entry: 538.65, Exit: 555.36, Profit: 66.84
2025-04-09 13:09:18 [INFO] 2024-08-15 | High Slope: -1.0131, Low Slope: -1.2130
2025-04-09 13:09:18 [INFO] TRADE - Entry Date: 2024-08-15, Entry: 547.88, Exit: 551.0, Profit: 12.48
2025-04-09 13:09:18 [INFO] 2024-08-16 | High Slope: -0.9709, Low Slope: -1.1325
2025-04-09 13:09:18 [INFO] TRADE - Entry Date: 2024-08-16, Entry: 549.11, Exit: 556.86, Profit: 31.0
2025-04-09 13:09:18 [INFO] 2024-08-19 | High Slope: -0.8968, Low Slope: -1.0201
2025-04-09 13:09:18 [INFO] TRADE - Entry Date: 2024-08-19, Entry: 554.36, Exit: 555.53, Profit: 4.68
2025-04-09 13:09:18 [INFO] 2024-08-20 | High Slope: -0.7851, Low Slope: -0.8701
2025-04-09 13:09:18 [INFO] TRADE - Entry Date: 2024-08-20, Entry: 553.46, Exit: 556.29, Profit: 11.32
2025-04-09 13:09:18 [INFO] 2024-08-21 | High Slope: -0.6607, Low Slope: -0.6887
2025-04-09 13:09:18 [INFO] TRADE - Entry Date: 2024-08-21, Entry: 555.36, Exit: 553.06, Profit: -9.2
2025-04-09 13:09:18 [INFO] 2024-08-22 | High Slope: -0.4991, Low Slope: -0.5161
2025-04-09 13:09:18 [INFO] TRADE - Entry Date: 2024-08-22, Entry: 551.0, Exit: 553.11, Profit: 8.44
2025-04-09 13:09:18 [INFO] 2024-08-23 | High Slope: -0.3264, Low Slope: -0.3475
2025-04-09 13:09:18 [INFO] TRADE - Entry Date: 2024-08-23, Entry: 556.86, Exit: 558.39, Profit: 6.16
2025-04-09 13:09:18 [INFO] 2024-08-26 | High Slope: -0.1455, Low Slope: -0.1548
2025-04-09 13:09:18 [INFO] TRADE - Entry Date: 2024-08-26, Entry: 555.53, Exit: 546.9, Profit: -34.52
2025-04-09 13:09:18 [INFO] 2024-08-27 | High Slope: 0.0490, Low Slope: 0.0661
2025-04-09 13:09:18 [INFO] 2024-08-28 | High Slope: 0.2342, Low Slope: 0.2995
2025-04-09 13:09:18 [INFO] 2024-08-29 | High Slope: 0.3864, Low Slope: 0.4760
2025-04-09 13:09:18 [INFO] 2024-08-30 | High Slope: 0.5443, Low Slope: 0.6247
2025-04-09 13:09:18 [INFO] 2024-09-03 | High Slope: 0.6665, Low Slope: 0.7530
2025-04-09 13:09:18 [INFO] 2024-09-04 | High Slope: 0.7707, Low Slope: 0.8497
2025-04-09 13:09:18 [INFO] 2024-09-05 | High Slope: 0.8417, Low Slope: 0.9621
2025-04-09 13:09:18 [INFO] 2024-09-06 | High Slope: 0.8581, Low Slope: 0.9724
2025-04-09 13:09:18 [INFO] 2024-09-09 | High Slope: 0.8466, Low Slope: 0.9114
2025-04-09 13:09:18 [INFO] 2024-09-10 | High Slope: 0.8066, Low Slope: 0.8978
2025-04-09 13:09:18 [INFO] 2024-09-11 | High Slope: 0.7746, Low Slope: 0.8965
2025-04-09 13:09:18 [INFO] 2024-09-12 | High Slope: 0.7834, Low Slope: 0.8444
2025-04-09 13:09:18 [INFO] 2024-09-13 | High Slope: 0.8565, Low Slope: 0.9352
2025-04-09 13:09:18 [INFO] 2024-09-16 | High Slope: 0.9596, Low Slope: 1.0110
2025-04-09 13:09:18 [INFO] 2024-09-17 | High Slope: 0.9375, Low Slope: 1.0068
2025-04-09 13:09:18 [INFO] 2024-09-18 | High Slope: 0.8344, Low Slope: 0.8693
2025-04-09 13:09:18 [INFO] 2024-09-19 | High Slope: 0.7680, Low Slope: 0.7617
2025-04-09 13:09:18 [INFO] 2024-09-20 | High Slope: 0.7237, Low Slope: 0.6827
2025-04-09 13:09:18 [INFO] 2024-09-23 | High Slope: 0.6476, Low Slope: 0.6001
2025-04-09 13:09:18 [INFO] 2024-09-24 | High Slope: 0.5825, Low Slope: 0.5623
2025-04-09 13:09:18 [INFO] 2024-09-25 | High Slope: 0.5158, Low Slope: 0.5194
2025-04-09 13:09:18 [INFO] 2024-09-26 | High Slope: 0.4807, Low Slope: 0.5044
2025-04-09 13:09:18 [INFO] 2024-09-27 | High Slope: 0.4682, Low Slope: 0.5068
2025-04-09 13:09:18 [INFO] 2024-09-30 | High Slope: 0.4960, Low Slope: 0.5585
2025-04-09 13:09:18 [INFO] 2024-10-01 | High Slope: 0.5263, Low Slope: 0.6012
2025-04-09 13:09:18 [INFO] 2024-10-02 | High Slope: 0.5765, Low Slope: 0.6402
2025-04-09 13:09:18 [INFO] 2024-10-03 | High Slope: 0.6013, Low Slope: 0.6921
2025-04-09 13:09:18 [INFO] 2024-10-04 | High Slope: 0.6294, Low Slope: 0.7233
2025-04-09 13:09:18 [INFO] 2024-10-07 | High Slope: 0.6835, Low Slope: 0.7675
2025-04-09 13:09:18 [INFO] 2024-10-08 | High Slope: 0.7227, Low Slope: 0.8115
2025-04-09 13:09:18 [INFO] 2024-10-09 | High Slope: 0.7746, Low Slope: 0.8812
2025-04-09 13:09:18 [INFO] 2024-10-10 | High Slope: 0.8338, Low Slope: 0.9599
2025-04-09 13:09:18 [INFO] 2024-10-11 | High Slope: 0.8817, Low Slope: 1.0216
2025-04-09 13:09:18 [INFO] 2024-10-14 | High Slope: 0.9533, Low Slope: 1.0977
2025-04-09 13:09:18 [INFO] 2024-10-15 | High Slope: 1.0521, Low Slope: 1.1953
2025-04-09 13:09:18 [INFO] 2024-10-16 | High Slope: 1.1152, Low Slope: 1.2156
2025-04-09 13:09:18 [INFO] 2024-10-17 | High Slope: 1.1100, Low Slope: 1.2247
2025-04-09 13:09:18 [INFO] 2024-10-18 | High Slope: 1.1083, Low Slope: 1.2244
2025-04-09 13:09:18 [INFO] 2024-10-21 | High Slope: 1.0719, Low Slope: 1.1582
2025-04-09 13:09:18 [INFO] 2024-10-22 | High Slope: 0.9898, Low Slope: 1.0816
2025-04-09 13:09:18 [INFO] 2024-10-23 | High Slope: 0.8981, Low Slope: 0.9909
2025-04-09 13:09:18 [INFO] 2024-10-24 | High Slope: 0.8145, Low Slope: 0.8216
2025-04-09 13:09:18 [INFO] 2024-10-25 | High Slope: 0.7356, Low Slope: 0.7374
2025-04-09 13:09:18 [INFO] 2024-10-28 | High Slope: 0.6998, Low Slope: 0.6974
2025-04-09 13:09:18 [INFO] 2024-10-29 | High Slope: 0.6431, Low Slope: 0.6671
2025-04-09 13:09:18 [INFO] 2024-10-30 | High Slope: 0.6019, Low Slope: 0.6197
2025-04-09 13:09:18 [INFO] 2024-10-31 | High Slope: 0.5698, Low Slope: 0.5695
2025-04-09 13:09:18 [INFO] 2024-11-01 | High Slope: 0.5098, Low Slope: 0.4903
2025-04-09 13:09:18 [INFO] 2024-11-04 | High Slope: 0.4349, Low Slope: 0.4162
2025-04-09 13:09:18 [INFO] 2024-11-05 | High Slope: 0.3446, Low Slope: 0.3422
2025-04-09 13:09:18 [INFO] 2024-11-06 | High Slope: 0.2876, Low Slope: 0.2817
2025-04-09 13:09:18 [INFO] 2024-11-07 | High Slope: 0.3292, Low Slope: 0.3243
2025-04-09 13:09:18 [INFO] 2024-11-08 | High Slope: 0.4116, Low Slope: 0.4151
2025-04-09 13:09:18 [INFO] 2024-11-11 | High Slope: 0.5000, Low Slope: 0.5196
2025-04-09 13:09:18 [INFO] 2024-11-12 | High Slope: 0.5817, Low Slope: 0.6020
2025-04-09 13:09:18 [INFO] 2024-11-13 | High Slope: 0.6442, Low Slope: 0.6405
2025-04-09 13:09:18 [INFO] 2024-11-14 | High Slope: 0.6666, Low Slope: 0.6653
2025-04-09 13:09:18 [INFO] 2024-11-15 | High Slope: 0.6663, Low Slope: 0.6636
2025-04-09 13:09:18 [INFO] 2024-11-18 | High Slope: 0.6292, Low Slope: 0.6114
2025-04-09 13:09:18 [INFO] 2024-11-19 | High Slope: 0.5705, Low Slope: 0.5517
2025-04-09 13:09:18 [INFO] 2024-11-20 | High Slope: 0.5265, Low Slope: 0.4952
2025-04-09 13:09:18 [INFO] 2024-11-21 | High Slope: 0.5002, Low Slope: 0.4569
2025-04-09 13:09:18 [INFO] 2024-11-22 | High Slope: 0.4949, Low Slope: 0.4445
2025-04-09 13:09:18 [INFO] 2024-11-25 | High Slope: 0.5074, Low Slope: 0.4727
2025-04-09 13:09:18 [INFO] 2024-11-26 | High Slope: 0.5769, Low Slope: 0.5395
2025-04-09 13:09:18 [INFO] 2024-11-27 | High Slope: 0.6399, Low Slope: 0.6032
2025-04-09 13:09:18 [INFO] 2024-11-29 | High Slope: 0.6785, Low Slope: 0.6562
2025-04-09 13:09:18 [INFO] 2024-12-02 | High Slope: 0.7477, Low Slope: 0.7364
2025-04-09 13:09:18 [INFO] 2024-12-03 | High Slope: 0.8104, Low Slope: 0.8317
2025-04-09 13:09:18 [INFO] 2024-12-04 | High Slope: 0.8601, Low Slope: 0.9038
2025-04-09 13:09:18 [INFO] 2024-12-05 | High Slope: 0.9228, Low Slope: 0.9815
2025-04-09 13:09:18 [INFO] 2024-12-06 | High Slope: 0.9598, Low Slope: 1.0161
2025-04-09 13:09:18 [INFO] 2024-12-09 | High Slope: 0.9774, Low Slope: 1.0560
2025-04-09 13:09:18 [INFO] 2024-12-10 | High Slope: 1.0046, Low Slope: 1.0740
2025-04-09 13:09:18 [INFO] 2024-12-11 | High Slope: 0.9962, Low Slope: 1.0847
2025-04-09 13:09:18 [INFO] 2024-12-12 | High Slope: 0.9958, Low Slope: 1.0931
2025-04-09 13:09:18 [INFO] 2024-12-13 | High Slope: 0.9789, Low Slope: 1.0879
2025-04-09 13:09:18 [INFO] 2024-12-16 | High Slope: 0.8984, Low Slope: 0.9875
2025-04-09 13:09:18 [INFO] 2024-12-17 | High Slope: 0.8077, Low Slope: 0.9023
2025-04-09 13:09:18 [INFO] 2024-12-18 | High Slope: 0.6651, Low Slope: 0.7683
2025-04-09 13:09:18 [INFO] 2024-12-19 | High Slope: 0.5451, Low Slope: 0.5277
2025-04-09 13:09:18 [INFO] 2024-12-20 | High Slope: 0.4301, Low Slope: 0.3821
2025-04-09 13:09:18 [INFO] SUMMARY - Total Trades: 98, Total Profit: $1281.31, Win Rate: 70.41%
2025-04-09 20:12:31 [INFO] 2024-03-14 | High Slope: 0.8916, Low Slope: 0.8872
2025-04-09 20:12:31 [INFO] 2024-03-15 | High Slope: 0.8630, Low Slope: 0.8371
2025-04-09 20:12:31 [INFO] 2024-03-18 | High Slope: 0.7987, Low Slope: 0.7673
2025-04-09 20:12:31 [INFO] 2024-03-19 | High Slope: 0.7942, Low Slope: 0.7510
2025-04-09 20:12:31 [INFO] 2024-03-20 | High Slope: 0.7726, Low Slope: 0.7218
2025-04-09 20:12:31 [INFO] 2024-03-21 | High Slope: 0.7697, Low Slope: 0.7203
2025-04-09 20:12:31 [INFO] 2024-03-22 | High Slope: 0.8055, Low Slope: 0.7740
2025-04-09 20:12:31 [INFO] 2024-03-25 | High Slope: 0.8210, Low Slope: 0.8222
2025-04-09 20:12:31 [INFO] 2024-03-26 | High Slope: 0.8347, Low Slope: 0.8591
2025-04-09 20:12:31 [INFO] 2024-03-27 | High Slope: 0.8558, Low Slope: 0.8902
2025-04-09 20:12:31 [INFO] 2024-03-28 | High Slope: 0.8352, Low Slope: 0.8549
2025-04-09 20:12:31 [INFO] 2024-04-01 | High Slope: 0.8247, Low Slope: 0.8523
2025-04-09 20:12:31 [INFO] 2024-04-02 | High Slope: 0.8222, Low Slope: 0.8548
2025-04-09 20:12:31 [INFO] 2024-04-03 | High Slope: 0.7793, Low Slope: 0.8180
2025-04-09 20:12:31 [INFO] 2024-04-04 | High Slope: 0.7110, Low Slope: 0.7511
2025-04-09 20:12:31 [INFO] 2024-04-05 | High Slope: 0.6437, Low Slope: 0.6361
2025-04-09 20:12:31 [INFO] 2024-04-08 | High Slope: 0.6176, Low Slope: 0.5841
2025-04-09 20:12:31 [INFO] 2024-04-09 | High Slope: 0.5951, Low Slope: 0.5790
2025-04-09 20:12:31 [INFO] 2024-04-10 | High Slope: 0.5618, Low Slope: 0.5375
2025-04-09 20:12:31 [INFO] 2024-04-11 | High Slope: 0.4824, Low Slope: 0.4696
2025-04-09 20:12:31 [INFO] 2024-04-12 | High Slope: 0.4175, Low Slope: 0.3992
2025-04-09 20:12:31 [INFO] 2024-04-15 | High Slope: 0.3426, Low Slope: 0.3086
2025-04-09 20:12:31 [INFO] 2024-04-16 | High Slope: 0.2852, Low Slope: 0.2023
2025-04-09 20:12:31 [INFO] 2024-04-17 | High Slope: 0.1763, Low Slope: 0.1122
2025-04-09 20:12:31 [INFO] 2024-04-18 | High Slope: 0.0445, Low Slope: -0.0421
2025-04-09 20:12:31 [INFO] 2024-04-19 | High Slope: -0.0901, Low Slope: -0.1744
2025-04-09 20:12:31 [INFO] TRADE - Entry Date: 2024-04-19, Entry: 488.94, Exit: 501.87, Profit: 25.88
2025-04-09 20:12:31 [INFO] 2024-04-22 | High Slope: -0.2192, Low Slope: -0.3234
2025-04-09 20:12:31 [INFO] TRADE - Entry Date: 2024-04-22, Entry: 493.44, Exit: 503.65, Profit: 20.42
2025-04-09 20:12:31 [INFO] 2024-04-23 | High Slope: -0.3143, Low Slope: -0.4472
2025-04-09 20:12:31 [INFO] TRADE - Entry Date: 2024-04-23, Entry: 499.3, Exit: 495.67, Profit: -7.24
2025-04-09 20:12:31 [INFO] 2024-04-24 | High Slope: -0.4225, Low Slope: -0.5566
2025-04-09 20:12:31 [INFO] TRADE - Entry Date: 2024-04-24, Entry: 499.06, Exit: 494.06, Profit: -10.0
2025-04-09 20:12:31 [INFO] 2024-04-25 | High Slope: -0.4834, Low Slope: -0.6237
2025-04-09 20:12:31 [INFO] TRADE - Entry Date: 2024-04-25, Entry: 497.16, Exit: 498.68, Profit: 3.04
2025-04-09 20:12:31 [INFO] 2024-04-26 | High Slope: -0.5609, Low Slope: -0.6994
2025-04-09 20:12:31 [INFO] TRADE - Entry Date: 2024-04-26, Entry: 501.87, Exit: 504.86, Profit: 5.98
2025-04-09 20:12:31 [INFO] 2024-04-29 | High Slope: -0.5988, Low Slope: -0.7342
2025-04-09 20:12:31 [INFO] TRADE - Entry Date: 2024-04-29, Entry: 503.65, Exit: 510.08, Profit: 12.86
2025-04-09 20:12:31 [INFO] 2024-04-30 | High Slope: -0.6547, Low Slope: -0.7715
2025-04-09 20:12:31 [INFO] TRADE - Entry Date: 2024-04-30, Entry: 495.67, Exit: 510.64, Profit: 29.94
2025-04-09 20:12:31 [INFO] 2024-05-01 | High Slope: -0.6920, Low Slope: -0.8126
2025-04-09 20:12:31 [INFO] TRADE - Entry Date: 2024-05-01, Entry: 494.06, Exit: 510.69, Profit: 33.26
2025-04-09 20:12:31 [INFO] 2024-05-02 | High Slope: -0.7319, Low Slope: -0.8715
2025-04-09 20:12:31 [INFO] TRADE - Entry Date: 2024-05-02, Entry: 498.68, Exit: 513.63, Profit: 29.9
2025-04-09 20:12:31 [INFO] 2024-05-03 | High Slope: -0.7516, Low Slope: -0.9006
2025-04-09 20:12:31 [INFO] TRADE - Entry Date: 2024-05-03, Entry: 504.86, Exit: 514.29, Profit: 18.86
2025-04-09 20:12:31 [INFO] 2024-05-06 | High Slope: -0.6986, Low Slope: -0.8189
2025-04-09 20:12:31 [INFO] TRADE - Entry Date: 2024-05-06, Entry: 510.08, Exit: 514.36, Profit: 8.58
2025-04-09 20:12:31 [INFO] 2024-05-07 | High Slope: -0.6249, Low Slope: -0.7076
2025-04-09 20:12:31 [INFO] TRADE - Entry Date: 2024-05-07, Entry: 510.64, Exit: 516.72, Profit: 12.16
2025-04-09 20:12:31 [INFO] 2024-05-08 | High Slope: -0.5473, Low Slope: -0.5820
2025-04-09 20:12:31 [INFO] TRADE - Entry Date: 2024-05-08, Entry: 510.69, Exit: 523.12, Profit: 24.86
2025-04-09 20:12:31 [INFO] 2024-05-09 | High Slope: -0.4698, Low Slope: -0.4717
2025-04-09 20:12:31 [INFO] TRADE - Entry Date: 2024-05-09, Entry: 513.63, Exit: 522.05, Profit: 16.82
2025-04-09 20:12:31 [INFO] 2024-05-10 | High Slope: -0.3637, Low Slope: -0.3425
2025-04-09 20:12:31 [INFO] TRADE - Entry Date: 2024-05-10, Entry: 514.29, Exit: 522.8, Profit: 17.0
2025-04-09 20:12:31 [INFO] 2024-05-13 | High Slope: -0.2312, Low Slope: -0.1714
2025-04-09 20:12:31 [INFO] TRADE - Entry Date: 2024-05-13, Entry: 514.36, Exit: 523.4, Profit: 18.08
2025-04-09 20:12:31 [INFO] 2024-05-14 | High Slope: -0.0993, Low Slope: -0.0102
2025-04-09 20:12:31 [INFO] TRADE - Entry Date: 2024-05-14, Entry: 516.72, Exit: 524.68, Profit: 15.92
2025-04-09 20:12:31 [INFO] 2024-05-15 | High Slope: 0.0040, Low Slope: 0.1262
2025-04-09 20:12:31 [INFO] 2024-05-16 | High Slope: 0.1584, Low Slope: 0.2983
2025-04-09 20:12:31 [INFO] 2024-05-17 | High Slope: 0.3379, Low Slope: 0.4551
2025-04-09 20:12:31 [INFO] 2024-05-20 | High Slope: 0.4778, Low Slope: 0.6057
2025-04-09 20:12:31 [INFO] 2024-05-21 | High Slope: 0.6251, Low Slope: 0.7886
2025-04-09 20:12:31 [INFO] 2024-05-22 | High Slope: 0.7709, Low Slope: 0.9419
2025-04-09 20:12:31 [INFO] 2024-05-23 | High Slope: 0.8799, Low Slope: 1.0639
2025-04-09 20:12:31 [INFO] 2024-05-24 | High Slope: 1.0155, Low Slope: 1.1607
2025-04-09 20:12:31 [INFO] 2024-05-28 | High Slope: 1.1025, Low Slope: 1.2453
2025-04-09 20:12:31 [INFO] 2024-05-29 | High Slope: 1.1810, Low Slope: 1.2861
2025-04-09 20:12:31 [INFO] 2024-05-30 | High Slope: 1.1726, Low Slope: 1.2961
2025-04-09 20:12:31 [INFO] 2024-05-31 | High Slope: 1.1397, Low Slope: 1.2491
2025-04-09 20:12:31 [INFO] 2024-06-03 | High Slope: 1.0988, Low Slope: 1.1697
2025-04-09 20:12:31 [INFO] 2024-06-04 | High Slope: 1.0342, Low Slope: 1.0766
2025-04-09 20:12:31 [INFO] 2024-06-05 | High Slope: 0.9690, Low Slope: 0.9966
2025-04-09 20:12:31 [INFO] 2024-06-06 | High Slope: 0.9526, Low Slope: 0.9555
2025-04-09 20:12:31 [INFO] 2024-06-07 | High Slope: 0.9371, Low Slope: 0.9513
2025-04-09 20:12:31 [INFO] 2024-06-10 | High Slope: 0.8974, Low Slope: 0.8948
2025-04-09 20:12:31 [INFO] 2024-06-11 | High Slope: 0.8759, Low Slope: 0.8790
2025-04-09 20:12:31 [INFO] 2024-06-12 | High Slope: 0.8553, Low Slope: 0.8587
2025-04-09 20:12:31 [INFO] 2024-06-13 | High Slope: 0.8604, Low Slope: 0.8441
2025-04-09 20:12:31 [INFO] 2024-06-14 | High Slope: 0.8359, Low Slope: 0.7938
2025-04-09 20:12:31 [INFO] 2024-06-17 | High Slope: 0.7770, Low Slope: 0.7255
2025-04-09 20:12:31 [INFO] 2024-06-18 | High Slope: 0.7837, Low Slope: 0.7121
2025-04-09 20:12:31 [INFO] 2024-06-20 | High Slope: 0.8028, Low Slope: 0.7490
2025-04-09 20:12:31 [INFO] 2024-06-21 | High Slope: 0.8308, Low Slope: 0.7829
2025-04-09 20:12:31 [INFO] 2024-06-24 | High Slope: 0.8219, Low Slope: 0.7926
2025-04-09 20:12:31 [INFO] 2024-06-25 | High Slope: 0.8252, Low Slope: 0.7974
2025-04-09 20:12:31 [INFO] 2024-06-26 | High Slope: 0.8213, Low Slope: 0.8085
2025-04-09 20:12:31 [INFO] 2024-06-27 | High Slope: 0.8136, Low Slope: 0.8136
2025-04-09 20:12:31 [INFO] 2024-06-28 | High Slope: 0.8072, Low Slope: 0.8234
2025-04-09 20:12:31 [INFO] 2024-07-01 | High Slope: 0.8537, Low Slope: 0.8427
2025-04-09 20:12:31 [INFO] 2024-07-02 | High Slope: 0.8722, Low Slope: 0.8736
2025-04-09 20:12:31 [INFO] 2024-07-03 | High Slope: 0.8900, Low Slope: 0.8964
2025-04-09 20:12:31 [INFO] 2024-07-05 | High Slope: 0.9304, Low Slope: 0.9559
2025-04-09 20:12:31 [INFO] 2024-07-08 | High Slope: 0.9814, Low Slope: 1.0212
2025-04-09 20:12:31 [INFO] 2024-07-09 | High Slope: 1.0280, Low Slope: 1.0855
2025-04-09 20:12:31 [INFO] 2024-07-10 | High Slope: 1.0804, Low Slope: 1.1263
2025-04-09 20:12:31 [INFO] 2024-07-11 | High Slope: 1.1309, Low Slope: 1.1755
2025-04-09 20:12:31 [INFO] 2024-07-12 | High Slope: 1.1728, Low Slope: 1.2064
2025-04-09 20:12:31 [INFO] 2024-07-15 | High Slope: 1.1866, Low Slope: 1.2204
2025-04-09 20:12:31 [INFO] 2024-07-16 | High Slope: 1.1768, Low Slope: 1.2079
2025-04-09 20:12:31 [INFO] 2024-07-17 | High Slope: 1.1665, Low Slope: 1.1735
2025-04-09 20:12:31 [INFO] 2024-07-18 | High Slope: 1.1214, Low Slope: 1.1128
2025-04-09 20:12:31 [INFO] 2024-07-19 | High Slope: 1.0544, Low Slope: 1.0129
2025-04-09 20:12:31 [INFO] 2024-07-22 | High Slope: 0.9762, Low Slope: 0.9107
2025-04-09 20:12:31 [INFO] 2024-07-23 | High Slope: 0.9013, Low Slope: 0.8460
2025-04-09 20:12:31 [INFO] 2024-07-24 | High Slope: 0.8363, Low Slope: 0.7859
2025-04-09 20:12:31 [INFO] 2024-07-25 | High Slope: 0.7073, Low Slope: 0.6332
2025-04-09 20:12:31 [INFO] 2024-07-26 | High Slope: 0.5677, Low Slope: 0.4546
2025-04-09 20:12:31 [INFO] 2024-07-29 | High Slope: 0.4695, Low Slope: 0.3549
2025-04-09 20:12:31 [INFO] 2024-07-30 | High Slope: 0.3629, Low Slope: 0.2569
2025-04-09 20:12:31 [INFO] 2024-07-31 | High Slope: 0.2521, Low Slope: 0.1317
2025-04-09 20:12:31 [INFO] 2024-08-01 | High Slope: 0.2169, Low Slope: 0.0762
2025-04-09 20:12:31 [INFO] 2024-08-02 | High Slope: 0.1881, Low Slope: 0.0000
2025-04-09 20:12:31 [INFO] 2024-08-05 | High Slope: 0.0518, Low Slope: -0.1534
2025-04-09 20:12:31 [INFO] 2024-08-06 | High Slope: -0.1838, Low Slope: -0.4203
2025-04-09 20:12:31 [INFO] TRADE - Entry Date: 2024-08-06, Entry: 517.25, Exit: 536.95, Profit: 39.4
2025-04-09 20:12:31 [INFO] 2024-08-07 | High Slope: -0.3612, Low Slope: -0.6268
2025-04-09 20:12:31 [INFO] TRADE - Entry Date: 2024-08-07, Entry: 513.79, Exit: 538.65, Profit: 49.7
2025-04-09 20:12:31 [INFO] 2024-08-08 | High Slope: -0.5313, Low Slope: -0.8226
2025-04-09 20:12:31 [INFO] TRADE - Entry Date: 2024-08-08, Entry: 525.67, Exit: 547.88, Profit: 44.42
2025-04-09 20:12:31 [INFO] 2024-08-09 | High Slope: -0.6902, Low Slope: -0.9793
2025-04-09 20:12:31 [INFO] TRADE - Entry Date: 2024-08-09, Entry: 527.99, Exit: 549.11, Profit: 42.24
2025-04-09 20:12:31 [INFO] 2024-08-12 | High Slope: -0.8171, Low Slope: -1.0729
2025-04-09 20:12:31 [INFO] TRADE - Entry Date: 2024-08-12, Entry: 528.27, Exit: 554.36, Profit: 52.18
2025-04-09 20:12:31 [INFO] 2024-08-13 | High Slope: -0.9079, Low Slope: -1.1556
2025-04-09 20:12:31 [INFO] TRADE - Entry Date: 2024-08-13, Entry: 536.95, Exit: 553.46, Profit: 33.0
2025-04-09 20:12:31 [INFO] 2024-08-14 | High Slope: -0.9806, Low Slope: -1.2018
2025-04-09 20:12:31 [INFO] TRADE - Entry Date: 2024-08-14, Entry: 538.65, Exit: 555.36, Profit: 33.42
2025-04-09 20:12:31 [INFO] 2024-08-15 | High Slope: -1.0131, Low Slope: -1.2130
2025-04-09 20:12:31 [INFO] TRADE - Entry Date: 2024-08-15, Entry: 547.88, Exit: 551.0, Profit: 6.24
2025-04-09 20:12:31 [INFO] 2024-08-16 | High Slope: -0.9709, Low Slope: -1.1325
2025-04-09 20:12:31 [INFO] TRADE - Entry Date: 2024-08-16, Entry: 549.11, Exit: 556.86, Profit: 15.5
2025-04-09 20:12:31 [INFO] 2024-08-19 | High Slope: -0.8968, Low Slope: -1.0201
2025-04-09 20:12:31 [INFO] TRADE - Entry Date: 2024-08-19, Entry: 554.36, Exit: 555.53, Profit: 2.34
2025-04-09 20:12:31 [INFO] 2024-08-20 | High Slope: -0.7851, Low Slope: -0.8701
2025-04-09 20:12:31 [INFO] TRADE - Entry Date: 2024-08-20, Entry: 553.46, Exit: 556.29, Profit: 5.66
2025-04-09 20:12:31 [INFO] 2024-08-21 | High Slope: -0.6607, Low Slope: -0.6887
2025-04-09 20:12:31 [INFO] TRADE - Entry Date: 2024-08-21, Entry: 555.36, Exit: 553.06, Profit: -4.6
2025-04-09 20:12:31 [INFO] 2024-08-22 | High Slope: -0.4991, Low Slope: -0.5161
2025-04-09 20:12:31 [INFO] TRADE - Entry Date: 2024-08-22, Entry: 551.0, Exit: 553.11, Profit: 4.22
2025-04-09 20:12:31 [INFO] 2024-08-23 | High Slope: -0.3264, Low Slope: -0.3475
2025-04-09 20:12:31 [INFO] TRADE - Entry Date: 2024-08-23, Entry: 556.86, Exit: 558.39, Profit: 3.08
2025-04-09 20:12:31 [INFO] 2024-08-26 | High Slope: -0.1455, Low Slope: -0.1548
2025-04-09 20:12:31 [INFO] TRADE - Entry Date: 2024-08-26, Entry: 555.53, Exit: 546.9, Profit: -17.26
2025-04-09 20:12:31 [INFO] 2024-08-27 | High Slope: 0.0490, Low Slope: 0.0661
2025-04-09 20:12:31 [INFO] 2024-08-28 | High Slope: 0.2342, Low Slope: 0.2995
2025-04-09 20:12:31 [INFO] 2024-08-29 | High Slope: 0.3864, Low Slope: 0.4760
2025-04-09 20:12:31 [INFO] 2024-08-30 | High Slope: 0.5443, Low Slope: 0.6247
2025-04-09 20:12:31 [INFO] 2024-09-03 | High Slope: 0.6665, Low Slope: 0.7530
2025-04-09 20:12:31 [INFO] 2024-09-04 | High Slope: 0.7707, Low Slope: 0.8497
2025-04-09 20:12:31 [INFO] 2024-09-05 | High Slope: 0.8417, Low Slope: 0.9621
2025-04-09 20:12:31 [INFO] 2024-09-06 | High Slope: 0.8581, Low Slope: 0.9724
2025-04-09 20:12:31 [INFO] 2024-09-09 | High Slope: 0.8466, Low Slope: 0.9114
2025-04-09 20:12:31 [INFO] 2024-09-10 | High Slope: 0.8066, Low Slope: 0.8978
2025-04-09 20:12:31 [INFO] 2024-09-11 | High Slope: 0.7746, Low Slope: 0.8965
2025-04-09 20:12:31 [INFO] 2024-09-12 | High Slope: 0.7834, Low Slope: 0.8444
2025-04-09 20:12:31 [INFO] 2024-09-13 | High Slope: 0.8565, Low Slope: 0.9352
2025-04-09 20:12:31 [INFO] 2024-09-16 | High Slope: 0.9596, Low Slope: 1.0110
2025-04-09 20:12:31 [INFO] 2024-09-17 | High Slope: 0.9375, Low Slope: 1.0068
2025-04-09 20:12:31 [INFO] 2024-09-18 | High Slope: 0.8344, Low Slope: 0.8693
2025-04-09 20:12:31 [INFO] 2024-09-19 | High Slope: 0.7680, Low Slope: 0.7617
2025-04-09 20:12:31 [INFO] 2024-09-20 | High Slope: 0.7237, Low Slope: 0.6827
2025-04-09 20:12:31 [INFO] 2024-09-23 | High Slope: 0.6476, Low Slope: 0.6001
2025-04-09 20:12:31 [INFO] 2024-09-24 | High Slope: 0.5825, Low Slope: 0.5623
2025-04-09 20:12:31 [INFO] 2024-09-25 | High Slope: 0.5158, Low Slope: 0.5194
2025-04-09 20:12:31 [INFO] 2024-09-26 | High Slope: 0.4807, Low Slope: 0.5044
2025-04-09 20:12:31 [INFO] 2024-09-27 | High Slope: 0.4682, Low Slope: 0.5068
2025-04-09 20:12:31 [INFO] 2024-09-30 | High Slope: 0.4960, Low Slope: 0.5585
2025-04-09 20:12:31 [INFO] 2024-10-01 | High Slope: 0.5263, Low Slope: 0.6012
2025-04-09 20:12:31 [INFO] 2024-10-02 | High Slope: 0.5765, Low Slope: 0.6402
2025-04-09 20:12:31 [INFO] 2024-10-03 | High Slope: 0.6013, Low Slope: 0.6921
2025-04-09 20:12:31 [INFO] 2024-10-04 | High Slope: 0.6294, Low Slope: 0.7233
2025-04-09 20:12:31 [INFO] 2024-10-07 | High Slope: 0.6835, Low Slope: 0.7675
2025-04-09 20:12:31 [INFO] 2024-10-08 | High Slope: 0.7227, Low Slope: 0.8115
2025-04-09 20:12:31 [INFO] 2024-10-09 | High Slope: 0.7746, Low Slope: 0.8812
2025-04-09 20:12:31 [INFO] 2024-10-10 | High Slope: 0.8338, Low Slope: 0.9599
2025-04-09 20:12:31 [INFO] 2024-10-11 | High Slope: 0.8817, Low Slope: 1.0216
2025-04-09 20:12:31 [INFO] 2024-10-14 | High Slope: 0.9533, Low Slope: 1.0977
2025-04-09 20:12:31 [INFO] 2024-10-15 | High Slope: 1.0521, Low Slope: 1.1953
2025-04-09 20:12:31 [INFO] 2024-10-16 | High Slope: 1.1152, Low Slope: 1.2156
2025-04-09 20:12:31 [INFO] 2024-10-17 | High Slope: 1.1100, Low Slope: 1.2247
2025-04-09 20:12:31 [INFO] 2024-10-18 | High Slope: 1.1083, Low Slope: 1.2244
2025-04-09 20:12:31 [INFO] 2024-10-21 | High Slope: 1.0719, Low Slope: 1.1582
2025-04-09 20:12:31 [INFO] 2024-10-22 | High Slope: 0.9898, Low Slope: 1.0816
2025-04-09 20:12:31 [INFO] 2024-10-23 | High Slope: 0.8981, Low Slope: 0.9909
2025-04-09 20:12:31 [INFO] 2024-10-24 | High Slope: 0.8145, Low Slope: 0.8216
2025-04-09 20:12:31 [INFO] 2024-10-25 | High Slope: 0.7356, Low Slope: 0.7374
2025-04-09 20:12:31 [INFO] 2024-10-28 | High Slope: 0.6998, Low Slope: 0.6974
2025-04-09 20:12:31 [INFO] 2024-10-29 | High Slope: 0.6431, Low Slope: 0.6671
2025-04-09 20:12:31 [INFO] 2024-10-30 | High Slope: 0.6019, Low Slope: 0.6197
2025-04-09 20:12:31 [INFO] 2024-10-31 | High Slope: 0.5698, Low Slope: 0.5695
2025-04-09 20:12:31 [INFO] 2024-11-01 | High Slope: 0.5098, Low Slope: 0.4903
2025-04-09 20:12:31 [INFO] 2024-11-04 | High Slope: 0.4349, Low Slope: 0.4162
2025-04-09 20:12:31 [INFO] 2024-11-05 | High Slope: 0.3446, Low Slope: 0.3422
2025-04-09 20:12:31 [INFO] 2024-11-06 | High Slope: 0.2876, Low Slope: 0.2817
2025-04-09 20:12:31 [INFO] 2024-11-07 | High Slope: 0.3292, Low Slope: 0.3243
2025-04-09 20:12:31 [INFO] 2024-11-08 | High Slope: 0.4116, Low Slope: 0.4151
2025-04-09 20:12:31 [INFO] 2024-11-11 | High Slope: 0.5000, Low Slope: 0.5196
2025-04-09 20:12:31 [INFO] 2024-11-12 | High Slope: 0.5817, Low Slope: 0.6020
2025-04-09 20:12:31 [INFO] 2024-11-13 | High Slope: 0.6442, Low Slope: 0.6405
2025-04-09 20:12:31 [INFO] 2024-11-14 | High Slope: 0.6666, Low Slope: 0.6653
2025-04-09 20:12:31 [INFO] 2024-11-15 | High Slope: 0.6663, Low Slope: 0.6636
2025-04-09 20:12:31 [INFO] 2024-11-18 | High Slope: 0.6292, Low Slope: 0.6114
2025-04-09 20:12:31 [INFO] 2024-11-19 | High Slope: 0.5705, Low Slope: 0.5517
2025-04-09 20:12:31 [INFO] 2024-11-20 | High Slope: 0.5265, Low Slope: 0.4952
2025-04-09 20:12:31 [INFO] 2024-11-21 | High Slope: 0.5002, Low Slope: 0.4569
2025-04-09 20:12:31 [INFO] 2024-11-22 | High Slope: 0.4949, Low Slope: 0.4445
2025-04-09 20:12:31 [INFO] 2024-11-25 | High Slope: 0.5074, Low Slope: 0.4727
2025-04-09 20:12:31 [INFO] 2024-11-26 | High Slope: 0.5769, Low Slope: 0.5395
2025-04-09 20:12:31 [INFO] 2024-11-27 | High Slope: 0.6399, Low Slope: 0.6032
2025-04-09 20:12:31 [INFO] 2024-11-29 | High Slope: 0.6785, Low Slope: 0.6562
2025-04-09 20:12:31 [INFO] 2024-12-02 | High Slope: 0.7477, Low Slope: 0.7364
2025-04-09 20:12:31 [INFO] 2024-12-03 | High Slope: 0.8104, Low Slope: 0.8317
2025-04-09 20:12:31 [INFO] 2024-12-04 | High Slope: 0.8601, Low Slope: 0.9038
2025-04-09 20:12:31 [INFO] 2024-12-05 | High Slope: 0.9228, Low Slope: 0.9815
2025-04-09 20:12:31 [INFO] 2024-12-06 | High Slope: 0.9598, Low Slope: 1.0161
2025-04-09 20:12:31 [INFO] 2024-12-09 | High Slope: 0.9774, Low Slope: 1.0560
2025-04-09 20:12:31 [INFO] 2024-12-10 | High Slope: 1.0046, Low Slope: 1.0740
2025-04-09 20:12:31 [INFO] 2024-12-11 | High Slope: 0.9962, Low Slope: 1.0847
2025-04-09 20:12:31 [INFO] 2024-12-12 | High Slope: 0.9958, Low Slope: 1.0931
2025-04-09 20:12:31 [INFO] 2024-12-13 | High Slope: 0.9789, Low Slope: 1.0879
2025-04-09 20:12:31 [INFO] 2024-12-16 | High Slope: 0.8984, Low Slope: 0.9875
2025-04-09 20:12:31 [INFO] 2024-12-17 | High Slope: 0.8077, Low Slope: 0.9023
2025-04-09 20:12:31 [INFO] 2024-12-18 | High Slope: 0.6651, Low Slope: 0.7683
2025-04-09 20:12:31 [INFO] 2024-12-19 | High Slope: 0.5451, Low Slope: 0.5277
2025-04-09 20:12:31 [INFO] 2024-12-20 | High Slope: 0.4301, Low Slope: 0.3821
2025-04-09 20:12:31 [INFO] SUMMARY - Total Trades: 33, Total Profit: $585.86, Win Rate: 87.88%
